timestamp,open,high,low,close,volume,spread,bid,ask
2026-01-06 00:05:00,2620.1797269288054,2620.2723522668693,2620.038638981725,2620.1797269288054,120,0.16442636502296937,2620.0975137462938,2620.261940111317
2026-01-06 00:10:00,2620.1797269288054,2620.5907740316284,2620.137776066763,2620.4946459622943,120,0.23923705888001828,2620.375027432854,2620.6142644917345
2026-01-06 00:15:00,2620.4946459622943,2620.9974186122276,2620.445146987427,2620.886431052748,120,0.16688582738152097,2620.802988139057,2620.9698739664386
2026-01-06 00:20:00,2620.886431052748,2621.472385226914,2620.801857878105,2621.358683087237,120,0.1456596602445801,2621.2858532571145,2621.431512917359
2026-01-06 00:25:00,2621.358683087237,2621.960526648677,2621.249461017839,2621.9365137201085,120,0.33364040486626123,2621.7696935176755,2622.1033339225414
2026-01-06 00:30:00,2621.9365137201085,2622.5416367600046,2621.824925556446,2622.4567524226763,120,0.24210546422572363,2622.3356996905636,2622.577805154789
2026-01-06 00:35:00,2622.4567524226763,2623.134645621883,2622.355423299383,2623.038717282543,120,0.22371212423783896,2622.926861220424,2623.150573344662
2026-01-06 00:40:00,2623.038717282543,2623.685327040272,2622.865410710259,2623.6130479691496,120,0.38000765602470715,2623.4230441411373,2623.803051797162
2026-01-06 00:45:00,2623.6130479691496,2624.344416809421,2623.461017676902,2624.23667144982,120,0.16762962636188344,2624.1528566366387,2624.320486263001
2026-01-06 00:50:00,2624.23667144982,2624.977598289767,2624.104244611252,2624.885960597757,120,0.14781787239928615,2624.8120516615572,2624.9598695339564
2026-01-06 00:55:00,2624.885960597757,2625.5166780578343,2624.7771711866976,2625.457259118454,120,0.09833094316613454,2625.4080936468713,2625.506424590037
2026-01-06 01:00:00,2625.457259118454,2626.1454813421115,2625.3360328663134,2625.9951485211773,120,0.23247648816752126,2625.8789102770934,2626.111386765261
2026-01-06 01:05:00,2625.9951485211773,2626.4872145841,2625.923193567152,2626.368030239457,120,0.1621412174748807,2626.2869596307196,2626.449100848194
2026-01-06 01:10:00,2626.368030239457,2626.8672874474837,2626.2403423834685,2626.7428368431315,120,0.2278057468817832,2626.6289339696905,2626.8567397165725
2026-01-06 01:15:00,2626.7428368431315,2627.085167423238,2626.6592445517263,2626.9869245093855,120,0.3031825691098823,2626.8353332248307,2627.1385157939403
2026-01-06 01:20:00,2626.9869245093855,2627.3006646922945,2626.9128319461474,2627.2454064363787,120,0.18737210992461778,2627.1517203814165,2627.339092491341
2026-01-06 01:25:00,2627.2454064363787,2627.4291404760193,2627.185365306467,2627.375124816143,120,0.15799603057121758,2627.296126800857,2627.454122831429
2026-01-06 01:30:00,2627.375124816143,2627.548128325395,2627.2210285428046,2627.4178298651627,120,0.24091335616276124,2627.2973731870816,2627.538286543244
2026-01-06 01:35:00,2627.4178298651627,2627.469206157487,2627.2565254525944,2627.338313073228,120,0.21180967761100067,2627.2324082344226,2627.4442179120338
2026-01-06 01:40:00,2627.338313073228,2627.430244626109,2627.1259461079826,2627.2148142964734,120,0.251002404038876,2627.089313094454,2627.3403154984926
2026-01-06 01:45:00,2627.2148142964734,2627.2565145272647,2626.9537447833486,2627.0364912296977,120,0.23302115966477735,2626.9199806498655,2627.15300180953
2026-01-06 01:50:00,2627.0364912296977,2627.1580756263443,2626.6693464903865,2626.7780851365055,120,0.22163650513165795,2626.6672668839396,2626.8889033890714
2026-01-06 01:55:00,2626.7780851365055,2626.874245782661,2626.4115378421748,2626.491932512711,120,0.2262279851289615,2626.3788185201465,2626.605046505276
2026-01-06 02:00:00,2626.491932512711,2626.586351647563,2626.1392495759997,2626.21875497499,120,0.2936520703127891,2626.071928939834,2626.3655810101463
2026-01-06 02:05:00,2626.21875497499,2626.355154012828,2625.8533142725855,2625.9430209710176,120,0.2588739741396228,2625.813583983948,2626.0724579580874
2026-01-06 02:10:00,2625.9430209710176,2626.0799325816997,2625.59443313036,2625.703463520325,120,0.2297915336191539,2625.5885677535152,2625.8183592871346
2026-01-06 02:15:00,2625.703463520325,2625.819470441876,2625.477475963211,2625.529192758756,120,0.13668229828840095,2625.460851609612,2625.5975339079
2026-01-06 02:20:00,2625.529192758756,2625.6461182692983,2625.295259441811,2625.4047990371687,120,0.30464530852692906,2625.252476382905,2625.5571216914323
2026-01-06 02:25:00,2625.4047990371687,2625.5062389777822,2625.2704999539706,2625.419777640775,120,0.28631588344573156,2625.276619699052,2625.562935582498
2026-01-06 02:30:00,2625.419777640775,2625.588816854229,2625.3423897518915,2625.4283043281926,120,0.2016506274811972,2625.327479014452,2625.529129641933
2026-01-06 02:35:00,2625.4283043281926,2625.736045897437,2625.318841317064,2625.626316165891,120,0.1632161772133358,2625.544708077284,2625.7079242544974
2026-01-06 02:40:00,2625.626316165891,2625.9441722813003,2625.563825592892,2625.8597077625154,120,0.3614954711790651,2625.678960026926,2626.040455498105
2026-01-06 02:45:00,2625.8597077625154,2626.285798416578,2625.7584538810493,2626.1862382180448,120,0.18632147891211465,2626.093077478589,2626.2793989575007
2026-01-06 02:50:00,2626.1862382180448,2626.6655652668546,2626.0610492325286,2626.563244936011,120,0.2032436172372193,2626.461623127392,2626.6648667446298
2026-01-06 02:55:00,2626.563244936011,2627.161015330156,2626.396595507064,2627.0603318974913,120,0.2784448020671488,2626.9211094964576,2627.199554298525
2026-01-06 03:00:00,2627.0603318974913,2627.719784176732,2626.971415128811,2627.6111358605513,120,0.2217220908339356,2627.500274815134,2627.7219969059684
2026-01-06 03:05:00,2627.6111358605513,2628.300161471161,2627.501495971834,2628.2208940833216,120,0.18262585099212278,2628.1295811578257,2628.3122070088175
2026-01-06 03:10:00,2628.2208940833216,2628.9043452310257,2628.131865086122,2628.8247785220155,120,0.1580763610202502,2628.7457403415056,2628.9038167025255
2026-01-06 03:15:00,2628.8247785220155,2629.5645156412374,2628.648451710783,2629.4576449406572,120,0.18420357059273074,2629.3655431553607,2629.549746725954
2026-01-06 03:20:00,2629.4576449406572,2630.194924498474,2629.3284435242026,2630.144007059076,120,0.21445993863028956,2630.036777089761,2630.251237028391
2026-01-06 03:25:00,2630.144007059076,2630.899151331477,2630.032521983262,2630.739649395497,120,0.2756297559054913,2630.6018345175444,2630.8774642734497
2026-01-06 03:30:00,2630.739649395497,2631.3210260835813,2630.6877041593734,2631.244424673451,120,0.20812048713566547,2631.140364429883,2631.3484849170186
2026-01-06 03:35:00,2631.244424673451,2631.863069247042,2631.170925490285,2631.74367483645,120,0.12303847757757773,2631.682155597661,2631.8051940752384
2026-01-06 03:40:00,2631.74367483645,2632.2021241043017,2631.6580552648416,2632.120893898597,120,0.19794465603906355,2632.0219215705774,2632.2198662266164
2026-01-06 03:45:00,2632.120893898597,2632.5372145353203,2631.9506786589213,2632.439513567919,120,0.218751526687059,2632.3301378045758,2632.5488893312627
2026-01-06 03:50:00,2632.439513567919,2632.749959549522,2632.373631787873,2632.666414297912,120,0.2644526753849074,2632.5341879602197,2632.7986406356044
2026-01-06 03:55:00,2632.666414297912,2632.810590392913,2632.5249312547458,2632.7597203298806,120,0.21584766217864768,2632.651796498791,2632.86764416097
2026-01-06 04:00:00,2632.7597203298806,2632.8128435597873,2632.597517877607,2632.701088006157,120,0.20918570025275046,2632.596495156031,2632.8056808562833
2026-01-06 04:05:00,2632.701088006157,2632.8357677156096,2632.569243781806,2632.622372361326,120,0.22798551131338324,2632.5083796056692,2632.736365116983
2026-01-06 04:10:00,2632.622372361326,2632.719792675817,2632.38145223605,2632.506819439145,120,0.14775600171914602,2632.4329414382855,2632.5806974400048
2026-01-06 04:15:00,2632.506819439145,2632.581371598964,2632.138259631265,2632.2949376626043,120,0.24889829316802387,2632.17048851602,2632.4193868091884
2026-01-06 04:20:00,2632.2949376626043,2632.3485481599473,2631.9655492455345,2632.0730426509167,120,0.16838790712147592,2631.988848697356,2632.1572366044775
2026-01-06 04:25:00,2632.0730426509167,2632.1501886013775,2631.7868934377398,2631.8481337647827,120,0.2742810153492857,2631.710993257108,2631.9852742724574
2026-01-06 04:30:00,2631.8481337647827,2631.9297780345883,2631.4532173564057,2631.556847157725,120,0.21992316076725754,2631.446885577341,2631.6668087381086
2026-01-06 04:35:00,2631.556847157725,2631.609103720619,2631.2751381094636,2631.3505876289464,120,0.2612141980937006,2631.2199805298997,2631.481194727993
2026-01-06 04:40:00,2631.3505876289464,2631.401358272873,2631.0877088889765,2631.192788910479,120,0.20909048929487012,2631.0882436658317,2631.2973341551265
2026-01-06 04:45:00,2631.192788910479,2631.3097984621077,2630.9453146253763,2631.063536467441,120,0.26480710692428366,2630.9311329139787,2631.195940020903
2026-01-06 04:50:00,2631.063536467441,2631.163065637385,2630.8977537257947,2631.0032378318792,120,0.17348389968192324,2630.9164958820384,2631.08997978172
2026-01-06 04:55:00,2631.0032378318792,2631.0997335138436,2630.8784396982023,2631.018097697366,120,0.18008653531460111,2630.928054429709,2631.1081409650233
2026-01-06 05:00:00,2631.018097697366,2631.2947979054848,2630.890234352614,2631.166211361202,120,0.16826186506422328,2631.08208042867,2631.250342293734
2026-01-06 05:05:00,2631.166211361202,2631.4385895538444,2631.092493128468,2631.3238009435795,120,0.23650485150599276,2631.2055485178266,2631.4420533693324
2026-01-06 05:10:00,2631.3238009435795,2631.642388741366,2631.215653643791,2631.567553169047,120,0.22638463487737817,2631.4543608516083,2631.680745486486
2026-01-06 05:15:00,2631.567553169047,2631.993122564956,2631.4079774775896,2631.926106614402,120,0.27407726190846027,2631.789067983448,2632.0631452453563
2026-01-06 05:20:00,2631.926106614402,2632.3586838528795,2631.817355858891,2632.3082898073526,120,0.1912360032705771,2632.2126718057175,2632.4039078089877
2026-01-06 05:25:00,2632.3082898073526,2632.8981953931875,2632.2115544981016,2632.7384409273163,120,0.24062069860436555,2632.618130578014,2632.8587512766185
2026-01-06 05:30:00,2632.7384409273163,2633.3488239629237,2632.620933439519,2633.255701202556,120,0.1851695715900251,2633.1631164167607,2633.348285988351
2026-01-06 05:35:00,2633.255701202556,2633.939035597659,2633.1719047633487,2633.8672959158253,120,0.19203639390655314,2633.771277718872,2633.9633141127783
2026-01-06 05:40:00,2633.8672959158253,2634.626504605667,2633.7659452771677,2634.5090413784405,120,0.19090209651131662,2634.413590330185,2634.604492426696
2026-01-06 05:45:00,2634.5090413784405,2635.163986809189,2634.4376310167404,2635.0773912413015,120,0.22529800499357225,2634.964742238805,2635.190040243798
2026-01-06 05:50:00,2635.0773912413015,2635.6573506518916,2634.9852050092236,2635.619385544648,120,0.28860251356296107,2635.4750842878666,2635.7636868014297
2026-01-06 05:55:00,2635.619385544648,2636.2807121768074,2635.540098276264,2636.1926884408995,120,0.22042302134692351,2636.082476930226,2636.3028999515727
2026-01-06 06:00:00,2636.1926884408995,2636.7932227569886,2636.1164689802813,2636.7221748393113,120,0.2587880093296245,2636.5927808346464,2636.851568843976
2026-01-06 06:05:00,2636.7221748393113,2637.272782352399,2636.564650279136,2637.192836334062,120,0.25016924967687065,2637.0677517092236,2637.3179209589007
2026-01-06 06:10:00,2637.192836334062,2637.7111710558806,2637.1123981129,2637.615286166212,120,0.20258656793295765,2637.5139928822455,2637.716579450179
2026-01-06 06:15:00,2637.615286166212,2638.0047302599546,2637.5089929342407,2637.973677033423,120,0.2711968557006217,2637.8380786055727,2638.1092754612732
2026-01-06 06:20:00,2637.973677033423,2638.316330457228,2637.8875958377093,2638.200203548818,120,0.2548877100733219,2638.0727596937813,2638.327647403855
2026-01-06 06:25:00,2638.200203548818,2638.4665674703347,2638.105105628033,2638.3484420806794,120,0.23898951480511604,2638.2289473232768,2638.467936838082
2026-01-06 06:30:00,2638.3484420806794,2638.4785546592993,2638.2245095423023,2638.337239046359,120,0.1953959090911896,2638.2395410918134,2638.434937000905
2026-01-06 06:35:00,2638.337239046359,2638.43666011095,2638.1344139960997,2638.238039894712,120,0.12211876326020288,2638.176980513082,2638.299099276342
2026-01-06 06:40:00,2638.238039894712,2638.3410048716737,2638.0253635262675,2638.1206301593625,120,0.08840863567439106,2638.076425841525,2638.1648344771997
2026-01-06 06:45:00,2638.1206301593625,2638.1684904293634,2637.805904827919,2637.9589154195523,120,0.22439415764697876,2637.846718340729,2638.071112498376
2026-01-06 06:50:00,2637.9589154195523,2638.098319874012,2637.6662064958578,2637.7541494629772,120,0.31025739510112466,2637.5990207654268,2637.9092781605277
2026-01-06 06:55:00,2637.7541494629772,2637.870383185558,2637.4377032921234,2637.5164248992687,120,0.23515288664663347,2637.3988484559454,2637.634001342592
2026-01-06 07:00:00,2637.5164248992687,2637.6626568637416,2637.106886054376,2637.277829330421,120,0.24961792650790715,2637.153020367167,2637.402638293675
2026-01-06 07:05:00,2637.277829330421,2637.3638556876413,2636.977654070153,2637.0511907491596,120,0.260116422125122,2636.921132538097,2637.181248960222
2026-01-06 07:10:00,2637.0511907491596,2637.1834994091196,2636.6481338378376,2636.75198882124,120,0.21287695293046022,2636.6455503447746,2636.8584272977055
2026-01-06 07:15:00,2636.75198882124,2636.8761984322346,2636.4267196962132,2636.5411174411743,120,0.24326721950622313,2636.419483831421,2636.6627510509275
2026-01-06 07:20:00,2636.5411174411743,2636.5951766929015,2636.3510412318474,2636.441062487699,120,0.33303525360985375,2636.2745448608944,2636.607580114504
2026-01-06 07:25:00,2636.441062487699,2636.5405378088903,2636.2500579270336,2636.4228100456726,120,0.24316489341140582,2636.3012275989668,2636.5443924923784
2026-01-06 07:30:00,2636.4228100456726,2636.5142808472524,2636.2974550603385,2636.4059548280707,120,0.2563015573623083,2636.2778040493895,2636.534105606752
2026-01-06 07:35:00,2636.4059548280707,2636.6665956111447,2636.2985619824854,2636.5881510866284,120,0.19516607875356912,2636.4905680472516,2636.685734126005
2026-01-06 07:40:00,2636.5881510866284,2636.943156302189,2636.501692074921,2636.7994511687166,120,0.22728962054172425,2636.685806358446,2636.9130959789873
2026-01-06 07:45:00,2636.7994511687166,2637.165503123163,2636.7403380976434,2637.110474379525,120,0.21465508250694804,2637.0031468382713,2637.2178019207786
2026-01-06 07:50:00,2637.110474379525,2637.599761929249,2637.019263410742,2637.527145877449,120,0.23412168301355876,2637.4100850359423,2637.644206718956
2026-01-06 07:55:00,2637.527145877449,2638.155313646349,2637.469340832546,2638.0384871522547,120,0.2088860145139403,2637.9340441449976,2638.1429301595117
2026-01-06 08:00:00,2638.0384871522547,2638.645007328107,2637.9587538476126,2638.525123009255,120,0.1418894275660264,2638.454178295472,2638.596067723038
2026-01-06 08:05:00,2638.525123009255,2639.234809809408,2638.3763734070435,2639.155544875161,120,0.22115460022820246,2639.044967575047,2639.266122175275
2026-01-06 08:10:00,2639.155544875161,2639.9252896975886,2639.0647238415,2639.7785602404,120,0.29142064443778476,2639.6328499181814,2639.924270562619
2026-01-06 08:15:00,2639.7785602404,2640.434431022278,2639.686112308123,2640.3777246443165,120,0.22532553509148912,2640.2650618767707,2640.4903874118622
2026-01-06 08:20:00,2640.3777246443165,2641.1400691555837,2640.263575244379,2640.987323402142,120,0.28723018411709744,2640.8437083100835,2641.1309384942006
2026-01-06 08:25:00,2640.987323402142,2641.579520625579,2640.899726415989,2641.4920576757045,120,0.29656963087640986,2641.343772860266,2641.6403424911427
2026-01-06 08:30:00,2641.4920576757045,2642.154949992147,2641.355111469966,2642.012054248467,120,0.2923248591259342,2641.865891818904,2642.15821667803
2026-01-06 08:35:00,2642.012054248467,2642.5876172125286,2641.847206388012,2642.503141678489,120,0.23061976723108862,2642.3878317948734,2642.618451562105
2026-01-06 08:40:00,2642.503141678489,2643.0216987114604,2642.3804200959953,2642.88336181482,120,0.11516292448753593,2642.825780352576,2642.940943277064
2026-01-06 08:45:00,2642.88336181482,2643.23561365314,2642.831208185466,2643.193709298297,120,0.21749035957347473,2643.0849641185105,2643.3024544780837
2026-01-06 08:50:00,2643.193709298297,2643.553729274105,2643.1009338721083,2643.4199882240446,120,0.27099018796953894,2643.2844931300597,2643.5554833180295
2026-01-06 08:55:00,2643.4199882240446,2643.623633120779,2643.338471424733,2643.560499047757,120,0.16640774058916194,2643.477295177462,2643.6437029180515
2026-01-06 09:00:00,2643.560499047757,2643.749244599103,2643.494860329896,2643.6481177109426,120,0.21416604567352754,2643.541034688106,2643.7552007337795
2026-01-06 09:05:00,2643.6481177109426,2643.766076488837,2643.5215923485025,2643.6078933491385,120,0.1666470878758997,2643.5245698052004,2643.6912168930767
2026-01-06 09:10:00,2643.6078933491385,2643.694429698712,2643.4182374711945,2643.481725135618,120,0.15812153006237206,2643.402664370587,2643.560785900649
2026-01-06 09:15:00,2643.481725135618,2643.605957251997,2643.2134139399254,2643.3237513368917,120,0.13376144506101834,2643.256870614361,2643.3906320594224
2026-01-06 09:20:00,2643.3237513368917,2643.4154209997796,2643.0653527132517,2643.179094092732,120,0.2684048153434062,2643.0448916850605,2643.313296500404
2026-01-06 09:25:00,2643.179094092732,2643.2984801269226,2642.7774920360102,2642.907092291304,120,0.21799084304298152,2642.7980968697825,2643.016087712825
2026-01-06 09:30:00,2642.907092291304,2643.006782560283,2642.564907856729,2642.6576994997777,120,0.286335859886577,2642.514531569834,2642.800867429721
2026-01-06 09:35:00,2642.6576994997777,2642.7836304588177,2642.1787822803403,2642.332540941444,120,0.2877512872830722,2642.188665297803,2642.4764165850856
2026-01-06 09:40:00,2642.332540941444,2642.408391613019,2642.095365950159,2642.1512530684604,120,0.13678000071330038,2642.082863068104,2642.219643068817
2026-01-06 09:45:00,2642.1512530684604,2642.224548261438,2641.86876720122,2641.9874312667334,120,0.13606410285487558,2641.919399215306,2642.055463318161
2026-01-06 09:50:00,2641.9874312667334,2642.0266034019983,2641.8168713348923,2641.911466150826,120,0.2686199107931302,2641.7771561954296,2642.0457761062225
2026-01-06 09:55:00,2641.911466150826,2642.034817072893,2641.704031497405,2641.8541216814365,120,0.21755445315741612,2641.745344454858,2641.962898908015
2026-01-06 10:00:00,2641.8541216814365,2641.93709205679,2641.7513322065,2641.841884082367,120,0.138942570822384,2641.772412796956,2641.911355367778
2026-01-06 10:05:00,2641.841884082367,2641.921270621172,2641.539630501177,2641.677769751308,120,0.34522321056955707,2641.5051581460234,2641.8503813565926
2026-01-06 10:10:00,2641.677769751308,2641.8154460702317,2641.493555163424,2641.6018951520264,120,0.20417658165996708,2641.4998068611962,2641.7039834428565
2026-01-06 10:15:00,2641.6018951520264,2641.7086048612414,2641.5107502846845,2641.5532703290496,120,0.25321456682302,2641.426663045638,2641.679877612461
2026-01-06 10:20:00,2641.5532703290496,2641.689839609908,2641.458084720088,2641.5670308780414,120,0.2195714602007623,2641.457245147941,2641.6768166081415
2026-01-06 10:25:00,2641.5670308780414,2641.783230911557,2641.4442297047894,2641.735097860986,120,0.2656775895219174,2641.602259066225,2641.867936655747
2026-01-06 10:30:00,2641.735097860986,2641.959104608858,2641.653531187022,2641.943221880473,120,0.23896386985244708,2641.823739945547,2642.0627038153993
2026-01-06 10:35:00,2641.943221880473,2642.4615177858705,2641.8701338777905,2642.3122147565578,120,0.21581438625440139,2642.2043075634306,2642.420121949685
2026-01-06 10:40:00,2642.3122147565578,2642.72748723359,2642.198835370306,2642.5841843946732,120,0.20508945346694635,2642.48163966794,2642.6867291214066
2026-01-06 10:45:00,2642.5841843946732,2642.9585298125758,2642.484020169078,2642.872736059331,120,0.17055746583099327,2642.7874573264157,2642.9580147922466
2026-01-06 10:50:00,2642.872736059331,2643.3015411339184,2642.79946554373,2643.1717068208186,120,0.2531272086684593,2643.0451432164846,2643.2982704251526
2026-01-06 10:55:00,2643.1717068208186,2643.510825137557,2643.035416390161,2643.3830376958113,120,0.227873137690407,2643.2691011269662,2643.4969742646563
2026-01-06 11:00:00,2643.3830376958113,2643.6831595954604,2643.2718242401074,2643.5818652659027,120,0.22827585252902835,2643.4677273396383,2643.696003192167
2026-01-06 11:05:00,2643.5818652659027,2643.9570761499067,2643.483049152252,2643.8222977881837,120,0.34010939401628637,2643.6522430911755,2643.992352485192
2026-01-06 11:10:00,2643.8222977881837,2644.104718894475,2643.7395694841125,2643.9183599613384,120,0.24880461500357723,2643.7939576538365,2644.0427622688403
2026-01-06 11:15:00,2643.9183599613384,2643.9857415323727,2643.7867760848476,2643.9115649322994,120,0.24930172724245356,2643.786914068678,2644.0362157959207
2026-01-06 11:20:00,2643.9115649322994,2644.0071712968706,2643.717050385987,2643.7876397702817,120,0.2255871773117326,2643.674846181626,2643.9004333589373
2026-01-06 11:25:00,2643.7876397702817,2643.9501143752236,2643.494032782094,2643.6443247427474,120,0.24694654521800857,2643.5208514701385,2643.767798015356
2026-01-06 11:30:00,2643.6443247427474,2643.7275799513072,2643.3107811968143,2643.411784690867,120,0.17512397366069737,2643.324222704037,2643.4993466776973
2026-01-06 11:35:00,2643.411784690867,2643.472663556996,2643.0031162232385,2643.0759740417234,120,0.25957780560881577,2642.946185138919,2643.2057629445276
2026-01-06 11:40:00,2643.0759740417234,2643.186577164816,2642.5293637696172,2642.636051957342,120,0.1560287858158249,2642.558037564434,2642.7140663502496
2026-01-06 11:45:00,2642.636051957342,2642.694753866837,2642.02629766245,2642.157931416384,120,0.20053679635274202,2642.0576630182077,2642.2581998145606
2026-01-06 11:50:00,2642.157931416384,2642.2948067514485,2641.553395781333,2641.632015793748,120,0.2810274238843344,2641.4915020818057,2641.7725295056903
2026-01-06 11:55:00,2641.632015793748,2641.7403364038864,2640.9421420716503,2641.0301134929377,120,0.1961801340137913,2640.9320234259308,2641.1282035599447
2026-01-06 12:00:00,2641.0301134929377,2641.1889802351907,2640.336577319347,2640.465649768921,120,0.2062361583080131,2640.362531689767,2640.5687678480754
2026-01-06 12:05:00,2640.465649768921,2640.571768996922,2639.7421732583853,2639.796421288074,120,0.32582168269792944,2639.633510446725,2639.959332129423
2026-01-06 12:10:00,2639.796421288074,2639.939582793005,2639.0954167111554,2639.1842166194974,120,0.24970222850389784,2639.0593655052453,2639.3090677337495
2026-01-06 12:15:00,2639.1842166194974,2639.201904161271,2638.523190432961,2638.653578044697,120,0.25043291549495084,2638.5283615869494,2638.7787945024447
2026-01-06 12:20:00,2638.653578044697,2638.7624516500814,2638.063434373328,2638.189285783639,120,0.23977959959175427,2638.069395983843,2638.3091755834353
2026-01-06 12:25:00,2638.189285783639,2638.2606632919105,2637.6755037664616,2637.755128723142,120,0.20996956911998013,2637.650143938582,2637.8601135077024
2026-01-06 12:30:00,2637.755128723142,2637.8826924031746,2637.362774157673,2637.4637649228894,120,0.17987266886827616,2637.373828588455,2637.5537012573236
2026-01-06 12:35:00,2637.4637649228894,2637.574702577761,2637.2287798899292,2637.29166435661,120,0.34541404525734204,2637.118957333981,2637.464371379239
2026-01-06 12:40:00,2637.29166435661,2637.400788327587,2637.1185380278157,2637.18878367425,120,0.22992165574555343,2637.073822846377,2637.3037445021228
2026-01-06 12:45:00,2637.18878367425,2637.3212185775465,2637.0531632908182,2637.169419299106,120,0.34278404028374543,2636.998027278964,2637.3408113192477
2026-01-06 12:50:00,2637.169419299106,2637.319040565584,2637.0214728124893,2637.2619517869834,120,0.2181909909401224,2637.152856291513,2637.3710472824537
2026-01-06 12:55:00,2637.2619517869834,2637.543212947417,2637.1102322581532,2637.4166577545325,120,0.14756696587183188,2637.3428742715964,2637.4904412374685
2026-01-06 13:00:00,2637.4166577545325,2637.6338541530877,2637.3284236279633,2637.5765703707616,120,0.1196562918336551,2637.5167422248446,2637.6363985166786
2026-01-06 13:05:00,2637.5765703707616,2637.8653677384227,2637.474086050592,2637.8262095236128,120,0.2902162767437409,2637.6811013852407,2637.971317661985
2026-01-06 13:10:00,2637.8262095236128,2638.2561272304265,2637.711018508387,2638.1705372971974,120,0.4420234747618394,2637.9495255598163,2638.3915490345785
2026-01-06 13:15:00,2638.1705372971974,2638.54413096758,2638.0796596283826,2638.4339340611127,120,0.2104640782496315,2638.3287020219877,2638.5391661002377
2026-01-06 13:20:00,2638.4339340611127,2638.855280566579,2638.3423475709365,2638.742130659087,120,0.26215916524098415,2638.611051076466,2638.8732102417075
2026-01-06 13:25:00,2638.742130659087,2639.11664303757,2638.6141411836898,2639.009804014798,120,0.22963333421890936,2638.8949873476886,2639.124620681908
2026-01-06 13:30:00,2639.009804014798,2639.3142455895145,2638.9375269981933,2639.2163521097286,120,0.13721239012435196,2639.1477459146663,2639.284958304791
2026-01-06 13:35:00,2639.2163521097286,2639.4527878842473,2639.127724262462,2639.361049477969,120,0.2376807577114651,2639.2422090991136,2639.4798898568247
2026-01-06 13:40:00,2639.361049477969,2639.576943109327,2639.2724614422546,2639.4788769799093,120,0.3571407361188363,2639.30030661185,2639.6574473479686
2026-01-06 13:45:00,2639.4788769799093,2639.632926935035,2639.3418629662324,2639.522930522914,120,0.15890420764393628,2639.443478419092,2639.602382626736
2026-01-06 13:50:00,2639.522930522914,2639.653734104055,2639.341189976359,2639.4769696472918,120,0.24790894053793208,2639.353015177023,2639.6009241175607
2026-01-06 13:55:00,2639.4769696472918,2639.5505854388553,2639.129235330162,2639.267512805904,120,0.1771452595470177,2639.1789401761307,2639.3560854356774
2026-01-06 14:00:00,2639.267512805904,2639.3209382208374,2638.960111716661,2639.0115569551053,120,0.22456906361492324,2638.899272423298,2639.1238414869126
2026-01-06 14:05:00,2639.0115569551053,2639.0970320040196,2638.56814341194,2638.692703529621,120,0.26108113237785074,2638.5621629634325,2638.82324409581
2026-01-06 14:10:00,2638.692703529621,2638.834347984743,2638.2074502000237,2638.317950388662,120,0.2274428720663057,2638.204228952629,2638.4316718246955
2026-01-06 14:15:00,2638.317950388662,2638.418505834094,2637.787545554341,2637.864071982113,120,0.17045234287904215,2637.7788458106734,2637.9492981535523
2026-01-06 14:20:00,2637.864071982113,2637.9423335849665,2637.2558831850783,2637.363142092193,120,0.16924329680749234,2637.278520443789,2637.4477637405967
2026-01-06 14:25:00,2637.363142092193,2637.460661259723,2636.7037347250525,2636.83646426711,120,0.07597411990089842,2636.7984772071595,2636.8744513270603
2026-01-06 14:30:00,2636.83646426711,2636.910023608067,2636.2111426376214,2636.281109390079,120,0.21896665546341698,2636.1716260623475,2636.3905927178107
2026-01-06 14:35:00,2636.281109390079,2636.335846215106,2635.5823955070514,2635.66182874538,120,0.3573412756914125,2635.483158107534,2635.8404993832255
2026-01-06 14:40:00,2635.66182874538,2635.7200613601904,2635.0016746731458,2635.0984339207334,120,0.2313030824139715,2634.9827823795263,2635.2140854619406
2026-01-06 14:45:00,2635.0984339207334,2635.188783986509,2634.480562526289,2634.5435585157943,120,0.2785948841349424,2634.404261073727,2634.6828559578616
2026-01-06 14:50:00,2634.5435585157943,2634.584940131014,2633.908170806854,2633.978024362029,120,0.20409957482989113,2633.875974574614,2634.080074149444
2026-01-06 14:55:00,2633.978024362029,2634.057793306751,2633.3768876859453,2633.5108713947966,120,0.19787238291389522,2633.4119352033395,2633.6098075862537
2026-01-06 15:00:00,2633.5108713947966,2633.666619777993,2633.178313610571,2633.2761089076325,120,0.30889536241060345,2633.121661226427,2633.430556588838
2026-01-06 15:05:00,2633.2761089076325,2633.4729776715258,2633.1859421200243,2633.362407630488,120,0.19774538993198626,2633.2635349355223,2633.461280325454
2026-01-06 15:10:00,2633.362407630488,2633.625227201536,2633.2814312567098,2633.496873101414,120,0.21244522031871424,2633.3906504912547,2633.6030957115736
2026-01-06 15:15:00,2633.496873101414,2633.863890704205,2633.461255118512,2633.790608335824,120,0.24703278194742123,2633.66709194485,2633.9141247267976
2026-01-06 15:20:00,2633.790608335824,2634.373718781266,2633.7298787843933,2634.2573283989204,120,0.24281827968025524,2634.1359192590803,2634.3787375387606
2026-01-06 15:25:00,2634.2573283989204,2634.831956998318,2634.217634409093,2634.742177850814,120,0.1575373928937403,2634.6634091543674,2634.820946547261
2026-01-06 15:30:00,2634.742177850814,2635.4315910007267,2634.613713738128,2635.314356854862,120,0.2382768204066719,2635.1952184446586,2635.4334952650656
2026-01-06 15:35:00,2635.314356854862,2636.095674136004,2635.2062654085917,2635.9140833337137,120,0.16985561796804516,2635.8291555247297,2635.999011142698
2026-01-06 15:40:00,2635.9140833337137,2636.612233618427,2635.7712893509997,2636.559087559939,120,0.18708690024822974,2636.4655441098153,2636.652631010063
2026-01-06 15:45:00,2636.559087559939,2637.3639100788405,2636.485918092122,2637.2773573707477,120,0.16674584539713577,2637.1939844480494,2637.360730293446
2026-01-06 15:50:00,2637.2773573707477,2638.0638407322713,2637.1651563089836,2637.9767143656163,120,0.24972488492465517,2637.851851923154,2638.101576808079
2026-01-06 15:55:00,2637.9767143656163,2638.730422800525,2637.849423655703,2638.6213417027507,120,0.18814299243745194,2638.5272702065317,2638.7154131989696
2026-01-06 16:00:00,2638.6213417027507,2639.3351871286272,2638.523927640283,2639.267131335882,120,0.09399171756133118,2639.2201354771014,2639.3141271946624
2026-01-06 16:05:00,2639.267131335882,2639.990399834893,2639.1523379867767,2639.865410932619,120,0.2509295803185363,2639.7399461424598,2639.990875722778
2026-01-06 16:10:00,2639.865410932619,2640.4093342719334,2639.7808467358004,2640.3426208710684,120,0.22037957280065593,2640.232431084668,2640.452810657469
2026-01-06 16:15:00,2640.3426208710684,2640.827542986342,2640.276012784378,2640.758570015144,120,0.20634441889930394,2640.6553978056945,2640.8617422245934
2026-01-06 16:20:00,2640.758570015144,2641.1890685197254,2640.679117360095,2641.085051037292,120,0.28122522343359607,2640.9444384255753,2641.2256636490088
2026-01-06 16:25:00,2641.085051037292,2641.448086522921,2640.968012755004,2641.2816361825858,120,0.20815399686987932,2641.177559184151,2641.3857131810205
2026-01-06 16:30:00,2641.2816361825858,2641.5477530281446,2641.1334023034374,2641.4578458538736,120,0.2377799064081398,2641.3389559006696,2641.5767358070775
2026-01-06 16:35:00,2641.4578458538736,2641.610168288404,2641.3513491822687,2641.492080383534,120,0.1851509519477781,2641.39950490756,2641.5846558595076
2026-01-06 16:40:00,2641.492080383534,2641.637528766849,2641.3342418421585,2641.426704949513,120,0.2286957469094539,2641.312357076058,2641.5410528229677
2026-01-06 16:45:00,2641.426704949513,2641.461718667766,2641.0837670908863,2641.2488329680264,120,0.2649799223451164,2641.1163430068536,2641.381322929199
2026-01-06 16:50:00,2641.2488329680264,2641.3456436110755,2640.955648659382,2641.0314407731366,120,0.1823219693151969,2640.940279788479,2641.122601757794
2026-01-06 16:55:00,2641.0314407731366,2641.0796109562293,2640.7727156870797,2640.8864721567097,120,0.1665757572786103,2640.8031842780706,2640.969760035349
2026-01-06 17:00:00,2640.8864721567097,2640.9989638569373,2640.5008151026304,2640.614096806826,120,0.3351212419737133,2640.4465361858392,2640.781657427813
2026-01-06 17:05:00,2640.614096806826,2640.7203075714147,2640.2943398461293,2640.403040070127,120,0.24998680296385528,2640.2780466686454,2640.528033471609
2026-01-06 17:10:00,2640.403040070127,2640.4842193583668,2640.085465394503,2640.1780337381965,120,0.23973245050376732,2640.0581675129447,2640.2978999634483
2026-01-06 17:15:00,2640.1780337381965,2640.3131190802924,2639.9019350879257,2640.024694446555,120,0.20463873130971885,2639.9223750809,2640.1270138122095
2026-01-06 17:20:00,2640.024694446555,2640.1619778381364,2639.83930037112,2639.9285519731534,120,0.1295824864498476,2639.8637607299283,2639.9933432163784
2026-01-06 17:25:00,2639.9285519731534,2640.0765855340023,2639.743928506475,2639.8455380439336,120,0.19463430339496732,2639.748220892236,2639.942855195631
2026-01-06 17:30:00,2639.8455380439336,2639.9268625466652,2639.757341417491,2639.8619340315277,120,0.3246292307091809,2639.699619416173,2640.0242486468824
2026-01-06 17:35:00,2639.8619340315277,2640.0822013780603,2639.693181864832,2639.9823121673408,120,0.22552287955827152,2639.8695507275615,2640.09507360712
2026-01-06 17:40:00,2639.9823121673408,2640.332275262295,2639.879132247639,2640.19611139188,120,0.19683440066089664,2640.0976941915496,2640.2945285922106
2026-01-06 17:45:00,2640.19611139188,2640.5868311190143,2640.1018780214945,2640.4974680461555,120,0.15174206102471205,2640.4215970156433,2640.5733390766677
2026-01-06 17:50:00,2640.4974680461555,2640.9420961042315,2640.3842328123937,2640.8771464679944,120,0.29990939781834736,2640.727191769085,2641.027101166904
2026-01-06 17:55:00,2640.8771464679944,2641.484012169189,2640.773144359492,2641.3767966499745,120,0.1701130287899819,2641.2917401355794,2641.4618531643696
2026-01-06 18:00:00,2641.3767966499745,2642.1119278083443,2641.242508121584,2641.9752142783896,120,0.15532016742043384,2641.8975541946793,2642.0528743621
2026-01-06 18:05:00,2641.9752142783896,2642.704547278402,2641.8825708638287,2642.5997410633045,120,0.13530429708425862,2642.5320889147624,2642.6673932118465
2026-01-06 18:10:00,2642.5997410633045,2643.3649040341843,2642.4612976335166,2643.213655926576,120,0.2447866466297668,2643.091262603261,2643.336049249891
2026-01-06 18:15:00,2643.213655926576,2644.0407438964335,2643.1261840981615,2643.895312603695,120,0.24240150740255914,2643.7741118499935,2644.0165133573964
2026-01-06 18:20:00,2643.895312603695,2644.710136877692,2643.801317782804,2644.566593897682,120,0.24402203413585383,2644.4445828806142,2644.68860491475
2026-01-06 18:25:00,2644.566593897682,2645.3111715718323,2644.44418943029,2645.237504150354,120,0.2954340182035675,2645.0897871412526,2645.385221159456
2026-01-06 18:30:00,2645.237504150354,2646.00188288935,2645.158694534284,2645.9286494265116,120,0.22074536552366442,2645.8182767437497,2646.0390221092734
2026-01-06 18:35:00,2645.9286494265116,2646.629735948175,2645.8417113105074,2646.4851654225063,120,0.17418681290511384,2646.398072016054,2646.5722588289586
2026-01-06 18:40:00,2646.4851654225063,2647.081470750391,2646.3488020430523,2646.9825789637493,120,0.1317928826218216,2646.9166825224384,2647.0484754050603
2026-01-06 18:45:00,2646.9825789637493,2647.462537225719,2646.841333244886,2647.3657700408694,120,0.2215733676049234,2647.254983357067,2647.476556724672
2026-01-06 18:50:00,2647.3657700408694,2647.7781948710535,2647.238441198383,2647.685059751688,120,0.15028267266279458,2647.609918415357,2647.7602010880196
2026-01-06 18:55:00,2647.685059751688,2648.0638389826654,2647.5692227802733,2647.9005391460423,120,0.19958400228741552,2647.8007471448987,2648.000331147186
2026-01-06 19:00:00,2647.9005391460423,2648.2131057604142,2647.8014037208977,2648.1093865316934,120,0.20450615659849095,2648.007133453394,2648.2116396099927
2026-01-06 19:05:00,2648.1093865316934,2648.2403083388335,2648.0160282181764,2648.176258103621,120,0.11785171366115553,2648.1173322467903,2648.2351839604516
2026-01-06 19:10:00,2648.176258103621,2648.31820657372,2648.058556065739,2648.1251004725304,120,0.17650884403089168,2648.036846050515,2648.213354894546
2026-01-06 19:15:00,2648.1251004725304,2648.2014361800234,2647.979875324242,2648.101741980889,120,0.20831094567969277,2647.997586508049,2648.205897453729
2026-01-06 19:20:00,2648.101741980889,2648.244975177562,2647.80337679912,2647.8896847236597,120,0.2291022790158415,2647.7751335841517,2648.0042358631677
2026-01-06 19:25:00,2647.8896847236597,2647.987754818532,2647.6333766055723,2647.723196451824,120,0.2871469830102764,2647.579622960319,2647.8667699433295
2026-01-06 19:30:00,2647.723196451824,2647.8601568524446,2647.3996460809117,2647.53910431134,120,0.13691826998266898,2647.4706451763486,2647.6075634463314
2026-01-06 19:35:00,2647.53910431134,2647.649568413853,2647.266502011967,2647.332750397312,120,0.15075550392642323,2647.257372645349,2647.408128149275
2026-01-06 19:40:00,2647.332750397312,2647.3785509222807,2647.036263472859,2647.107853642134,120,0.2558315455660718,2646.979937869351,2647.2357694149173
2026-01-06 19:45:00,2647.107853642134,2647.249653656288,2646.7697778769943,2646.921876531267,120,0.16546663855386087,2646.83914321199,2647.004609850544
2026-01-06 19:50:00,2646.921876531267,2647.0031271686235,2646.671305109272,2646.778319462949,120,0.2287828244614939,2646.6639280507184,2646.89271087518
2026-01-06 19:55:00,2646.778319462949,2646.8848244436667,2646.6987295465024,2646.746054233161,120,0.20849456835533747,2646.6418069489832,2646.8503015173387
2026-01-06 20:00:00,2646.746054233161,2646.863487771261,2646.5596871999273,2646.667569070936,120,0.21269858964657673,2646.561219776113,2646.7739183657595
2026-01-06 20:05:00,2646.667569070936,2646.8271998400173,2646.570448011361,2646.749050696004,120,0.3158848788463064,2646.591108256581,2646.906993135427
2026-01-06 20:10:00,2646.749050696004,2647.0644259547366,2646.6175261687195,2646.94942535501,120,0.31946214109967136,2646.7896942844604,2647.10915642556
2026-01-06 20:15:00,2646.94942535501,2647.281175974669,2646.829461845822,2647.213952762469,120,0.24735374491868017,2647.0902758900097,2647.3376296349284
2026-01-06 20:20:00,2647.213952762469,2647.6591535348457,2647.1214725199798,2647.51956931769,120,0.20625147411068462,2647.4164435806347,2647.6226950547457
2026-01-06 20:25:00,2647.51956931769,2648.0517379819116,2647.4145983216667,2647.9718758207823,120,0.20201775510427758,2647.8708669432303,2648.0728846983343
2026-01-06 20:30:00,2647.9718758207823,2648.5716705802583,2647.8625658914357,2648.4769218707825,120,0.19572185318863444,2648.379060944188,2648.574782797377
2026-01-06 20:35:00,2648.4769218707825,2649.1751428511793,2648.3900406021185,2649.1037849348672,120,0.1853350551849489,2649.011117407275,2649.1964524624595
2026-01-06 20:40:00,2649.1037849348672,2649.9098189446695,2648.967325615749,2649.7979222225395,120,0.19758253373489978,2649.699130955672,2649.896713489407
2026-01-06 20:45:00,2649.7979222225395,2650.4898059218076,2649.6813965939978,2650.4642400735097,120,0.2142186328330825,2650.3571307570933,2650.571349389926
2026-01-06 20:50:00,2650.4642400735097,2651.1272171512214,2650.372838920342,2651.056537702303,120,0.3292801108760287,2650.891897646865,2651.2211777577413
2026-01-06 20:55:00,2651.056537702303,2651.7591179727783,2650.9925836778352,2651.7050266667907,120,0.21392280190178986,2651.59806526584,2651.8119880677414
2026-01-06 21:00:00,2651.7050266667907,2652.2975101161815,2651.6200902651517,2652.292202290823,120,0.27595509583508754,2652.154224742905,2652.4301798387405
2026-01-06 21:05:00,2652.292202290823,2653.008951795595,2652.1822577765406,2652.893950264147,120,0.1972179851602998,2652.795341271567,2652.992559256727
2026-01-06 21:10:00,2652.893950264147,2653.5649486586153,2652.7129451785104,2653.4710732468084,120,0.23152849404052034,2653.355308999788,2653.5868374938286
2026-01-06 21:15:00,2653.4710732468084,2654.0549024409943,2653.409989780621,2653.9157141306873,120,0.2323030574651224,2653.7995626019547,2654.03186565942
2026-01-06 21:20:00,2653.9157141306873,2654.4520305144133,2653.8123266579073,2654.342381313584,120,0.08733941050105756,2654.2987116083336,2654.3860510188347
2026-01-06 21:25:00,2654.342381313584,2654.742247266865,2654.1998940360877,2654.6561172739534,120,0.250769519115635,2654.530732514396,2654.781502033511
2026-01-06 21:30:00,2654.6561172739534,2654.918930380943,2654.5310665053344,2654.8435949482973,120,0.1049678046612077,2654.7911110459668,2654.896078850628
2026-01-06 21:35:00,2654.8435949482973,2654.994163628416,2654.7344413371698,2654.87787561898,120,0.18067055486128714,2654.787540341549,2654.9682108964107
2026-01-06 21:40:00,2654.87787561898,2654.946015970018,2654.8217041385988,2654.8705393709597,120,0.2041152729308357,2654.7684817344943,2654.972597007425
2026-01-06 21:45:00,2654.8705393709597,2655.021243093836,2654.6024693104855,2654.7270904109905,120,0.24204232944637522,2654.6060692462675,2654.8481115757136
2026-01-06 21:50:00,2654.7270904109905,2654.8535484493896,2654.541518996587,2654.6224583627295,120,0.2490504371786454,2654.49793314414,2654.746983581319
2026-01-06 21:55:00,2654.6224583627295,2654.633652143281,2654.352682371074,2654.43657927694,120,0.18825580807940398,2654.3424513729,2654.53070718098
2026-01-06 22:00:00,2654.43657927694,2654.533035847668,2654.181023635062,2654.2743126771625,120,0.2521086264355564,2654.1482583639445,2654.4003669903805
2026-01-06 22:05:00,2654.2743126771625,2654.3539996735076,2653.9351830486394,2654.0612321608464,120,0.20162719061432155,2653.9604185655394,2654.1620457561535
2026-01-06 22:10:00,2654.0612321608464,2654.1856630598318,2653.6692570197883,2653.7709585936177,120,0.26734198014954064,2653.637287603543,2653.9046295836924
2026-01-06 22:15:00,2653.7709585936177,2653.8829503762686,2653.5350792417394,2653.615096735234,120,0.22729013331528816,2653.5014516685765,2653.728741801892
2026-01-06 22:20:00,2653.615096735234,2653.674011790034,2653.4195916109943,2653.519057877172,120,0.23866184587501843,2653.3997269542347,2653.6383888001096
2026-01-06 22:25:00,2653.519057877172,2653.608717486069,2653.423309190704,2653.516285009783,120,0.2747077680284612,2653.3789311257688,2653.6536388937975
2026-01-06 22:30:00,2653.516285009783,2653.6503446826937,2653.344278388671,2653.484751809351,120,0.1815991498274458,2653.393952234437,2653.575551384265
2026-01-06 22:35:00,2653.484751809351,2653.6264569011605,2653.363095752704,2653.5413142619727,120,0.2692696359613988,2653.406679443992,2653.6759490799536
2026-01-06 22:40:00,2653.5413142619727,2653.7724986925214,2653.3841031085885,2653.729195374953,120,0.28527862007580235,2653.5865560649154,2653.871834684991
2026-01-06 22:45:00,2653.729195374953,2654.0265148937265,2653.5964589583955,2653.965830683277,120,0.19133727790304472,2653.8701620443258,2654.0614993222284
2026-01-06 22:50:00,2653.965830683277,2654.3754042959126,2653.8969863873344,2654.280818314012,120,0.16764164698889913,2654.1969974905173,2654.3646391375064
2026-01-06 22:55:00,2654.280818314012,2654.7788777485716,2654.179665353465,2654.692013467803,120,0.15047635699177647,2654.616775289307,2654.767251646299
2026-01-06 23:00:00,2654.692013467803,2655.4221186570107,2654.614722282057,2655.325625601167,120,0.1854761879419991,2655.2328875071958,2655.418363695138
2026-01-06 23:05:00,2655.325625601167,2655.9640701501894,2655.2458071013707,2655.8920345477068,120,0.3132052816115628,2655.735431906901,2656.0486371885127
2026-01-06 23:10:00,2655.8920345477068,2656.539011654132,2655.832883959202,2656.488894779082,120,0.21298105284600483,2656.382404252659,2656.595385305505
2026-01-06 23:15:00,2656.488894779082,2657.219992739004,2656.42187745515,2657.136401074369,120,0.2413860942172903,2657.0157080272606,2657.2570941214776
2026-01-06 23:20:00,2657.136401074369,2657.8742884000258,2657.0380781156305,2657.810896970024,120,0.2739001880520103,2657.673946875998,2657.9478470640497
2026-01-06 23:25:00,2657.810896970024,2658.3219181590225,2657.721113619398,2658.206537014351,120,0.21707361308859008,2658.0980002078068,2658.315073820895
2026-01-06 23:30:00,2658.206537014351,2658.662602120624,2658.0900877425865,2658.559025027621,120,0.15959742308883285,2658.4792263160766,2658.638823739165
2026-01-06 23:35:00,2658.559025027621,2658.9945903484927,2658.4380602474807,2658.858181911963,120,0.3285663801610104,2658.6938987218828,2659.0224651020435
2026-01-06 23:40:00,2658.858181911963,2659.188437453566,2658.7289652858663,2659.064805520448,120,0.05,2659.0398055204478,2659.089805520448
2026-01-06 23:45:00,2659.064805520448,2659.285311807316,2658.9105550265367,2659.2001665649454,120,0.23987908033359662,2659.0802270247787,2659.3201061051122
2026-01-06 23:50:00,2659.2001665649454,2659.303020036261,2659.0809091296196,2659.2182474443957,120,0.2221317876707741,2659.10718155056,2659.3293133382313
2026-01-06 23:55:00,2659.2182474443957,2659.328685419517,2659.0332920225514,2659.1101029709293,120,0.24851656998618943,2658.985844685936,2659.2343612559225
2026-01-07 00:00:00,2659.1101029709293,2659.2540900204117,2658.944444969998,2659.0501223031793,120,0.2435115626413597,2658.9283665218586,2659.1718780845
2026-01-07 00:05:00,2659.0501223031793,2659.1275925636132,2658.6857270460714,2658.7987025822285,120,0.19236841657951392,2658.702518373939,2658.8948867905183
2026-01-07 00:10:00,2658.7987025822285,2658.856366932728,2658.43452011967,2658.5203576762297,120,0.20262621669900627,2658.41904456788,2658.6216707845792
2026-01-07 00:15:00,2658.5203576762297,2658.6355192950873,2657.9858041232965,2658.11275473444,120,0.20465011229719204,2658.0104296782915,2658.2150797905883
2026-01-07 00:20:00,2658.11275473444,2658.2002227110866,2657.533549096733,2657.6510285736895,120,0.1623370029648753,2657.569860072207,2657.732197075172
2026-01-07 00:25:00,2657.6510285736895,2657.739195754152,2657.0481768345417,2657.139290235197,120,0.2065289843884783,2657.036025743003,2657.2425547273915
2026-01-07 00:30:00,2657.139290235197,2657.219627581488,2656.4016519347188,2656.5488220539087,120,0.2740427678601039,2656.4118006699787,2656.6858434378387
2026-01-07 00:35:00,2656.5488220539087,2656.642031790404,2655.9443738446816,2655.9995277933867,120,0.18622098421069364,2655.906417301281,2656.0926382854923
2026-01-07 00:40:00,2655.9995277933867,2656.1155779947358,2655.4375564475604,2655.4772664572506,120,0.36586211715552425,2655.294335398673,2655.6601975158283
2026-01-07 00:45:00,2655.4772664572506,2655.5732544715934,2654.90391937895,2655.000684121106,120,0.25483441056271483,2654.873266915825,2655.1281013263874
2026-01-07 00:50:00,2655.000684121106,2655.05613080982,2654.456013033243,2654.556340524729,120,0.21634408670557642,2654.4481684813763,2654.6645125680816
2026-01-07 00:55:00,2654.556340524729,2654.676120655243,2654.126553327889,2654.1945791187527,120,0.25446545342392607,2654.0673463920407,2654.3218118454647
2026-01-07 01:00:00,2654.1945791187527,2654.3288011545324,2653.7712213774785,2653.878573248486,120,0.18428026391439814,2653.7864331165288,2653.9707133804436
2026-01-07 01:05:00,2653.878573248486,2653.9515231973264,2653.590275466771,2653.6353427964596,120,0.1825141849360527,2653.5440857039916,2653.7265998889275
2026-01-07 01:10:00,2653.6353427964596,2653.7489573209077,2653.2611790963592,2653.4047781676327,120,0.27931647893191547,2653.2651199281668,2653.5444364070986
2026-01-07 01:15:00,2653.4047781676327,2653.5393775425127,2653.240642499682,2653.324947205424,120,0.19119159915267178,2653.229351405848,2653.420543005
2026-01-07 01:20:00,2653.324947205424,2653.47297960362,2653.2465905795793,2653.420591663581,120,0.14903214924557606,2653.3460755889582,2653.495107738204
2026-01-07 01:25:00,2653.420591663581,2653.636267144309,2653.301782785206,2653.545225423823,120,0.21000103436096393,2653.4402249066425,2653.6502259410036
2026-01-07 01:30:00,2653.545225423823,2653.862442015411,2653.425956523058,2653.7737800120317,120,0.30815353089182,2653.6197032465857,2653.9278567774777
2026-01-07 01:35:00,2653.7737800120317,2654.1573297602026,2653.726189945662,2654.0262168767836,120,0.32212540641546367,2653.865154173576,2654.1872795799914
2026-01-07 01:40:00,2654.0262168767836,2654.3943645233476,2653.9709229420687,2654.3089641418046,120,0.19575603048489476,2654.2110861265623,2654.406842157047
2026-01-07 01:45:00,2654.3089641418046,2654.860550074206,2654.290293091017,2654.73178051255,120,0.296111355720882,2654.5837248346893,2654.8798361904105
2026-01-07 01:50:00,2654.73178051255,2655.204606807905,2654.616167535615,2655.099299503675,120,0.1350600943561968,2655.031769456497,2655.166829550853
2026-01-07 01:55:00,2655.099299503675,2655.5872183423503,2655.034733939683,2655.505143081165,120,0.28825097625280915,2655.3610175930385,2655.6492685692915
2026-01-07 02:00:00,2655.505143081165,2655.9214793727665,2655.395125573073,2655.8461089020275,120,0.17781042941575514,2655.75720368732,2655.935014116735
2026-01-07 02:05:00,2655.8461089020275,2656.158453793273,2655.720856050845,2656.109734754088,120,0.2890507187400443,2655.965209394718,2656.2542601134583
2026-01-07 02:10:00,2656.109734754088,2656.379090728609,2656.0277276219017,2656.234973949869,120,0.22034795191007414,2656.124799973914,2656.345147925824
2026-01-07 02:15:00,2656.234973949869,2656.4993506828678,2656.1262513725487,2656.3797489327244,120,0.2302315086303444,2656.2646331784094,2656.4948646870394
2026-01-07 02:20:00,2656.3797489327244,2656.5487969829496,2656.28794186898,2656.3740325838735,120,0.27068731763858533,2656.2386889250542,2656.5093762426927
2026-01-07 02:25:00,2656.3740325838735,2656.4567030626463,2656.1098374370144,2656.2513166945423,120,0.2018401154800453,2656.1503966368023,2656.3522367522824
2026-01-07 02:30:00,2656.2513166945423,2656.3204284094472,2656.0521498747653,2656.1735688564686,120,0.2206728281619394,2656.0632324423877,2656.2839052705494
2026-01-07 02:35:00,2656.1735688564686,2656.2608722663667,2655.890805432666,2655.982887280513,120,0.18038246736586605,2655.8926960468298,2656.073078514196
2026-01-07 02:40:00,2655.982887280513,2656.097297131243,2655.593350193998,2655.7020928303536,120,0.31792935639872877,2655.543128152154,2655.861057508553
2026-01-07 02:45:00,2655.7020928303536,2655.7804338511473,2655.1778224912055,2655.319762800391,120,0.2510124987996362,2655.194256550991,2655.4452690497906
2026-01-07 02:50:00,2655.319762800391,2655.376103911215,2654.7245506256377,2654.868619911335,120,0.11098328185043353,2654.81312827041,2654.92411155226
2026-01-07 02:55:00,2654.868619911335,2654.9828749615026,2654.3428695290686,2654.3857343492064,120,0.2344894075967289,2654.268489645408,2654.5029790530048
2026-01-07 03:00:00,2654.3857343492064,2654.4735876434625,2653.7685404706194,2653.859450156014,120,0.10299048432349325,2653.8079549138524,2653.910945398176
2026-01-07 03:05:00,2653.859450156014,2653.9356131588456,2653.1809399602325,2653.3159331897273,120,0.25669864366693396,2653.187583867894,2653.4442825115607
2026-01-07 03:10:00,2653.3159331897273,2653.4136049108333,2652.708884714429,2652.804799409408,120,0.1807556732319853,2652.714421572792,2652.895177246024
2026-01-07 03:15:00,2652.804799409408,2652.9485296019075,2652.0912050389043,2652.1904307853392,120,0.28639774590765843,2652.0472319123855,2652.333629658293
2026-01-07 03:20:00,2652.1904307853392,2652.246153693153,2651.699205230529,2651.7530481467315,120,0.3036864542425696,2651.60120491961,2651.904891373853
2026-01-07 03:25:00,2651.7530481467315,2651.8273795442115,2651.218705560449,2651.3137477959544,120,0.25086746292647044,2651.1883140644914,2651.4391815274175
2026-01-07 03:30:00,2651.3137477959544,2651.442719247605,2650.8864628045085,2651.006853731261,120,0.2561103913351017,2650.8787985355934,2651.1349089269283
2026-01-07 03:35:00,2651.006853731261,2651.157289386474,2650.686947496412,2650.796162627231,120,0.27784208156738954,2650.657241586447,2650.9350836680146
2026-01-07 03:40:00,2650.796162627231,2650.899002453984,2650.488571073065,2650.595014721994,120,0.3378690982583275,2650.426080172865,2650.7639492711232
2026-01-07 03:45:00,2650.595014721994,2650.6888678440564,2650.527659899797,2650.5526844633305,120,0.2277330476508516,2650.438817939505,2650.666550987156
2026-01-07 03:50:00,2650.5526844633305,2650.7094406414376,2650.3958286164266,2650.602172476022,120,0.2001980333346755,2650.502073459355,2650.7022714926893
2026-01-07 03:55:00,2650.602172476022,2650.745479061201,2650.497079815047,2650.679006402657,120,0.3344358458350413,2650.511788479739,2650.8462243255744
2026-01-07 04:00:00,2650.679006402657,2650.9319749215283,2650.5394434928726,2650.841198710939,120,0.25252616876559186,2650.7149356265563,2650.9674617953215
2026-01-07 04:05:00,2650.841198710939,2651.215850570766,2650.765735417808,2651.0953235941793,120,0.2256758167435758,2650.9824856858077,2651.208161502551
2026-01-07 04:10:00,2651.0953235941793,2651.3829303534626,2650.9947461266665,2651.3068988884916,120,0.1781198613134288,2651.217838957835,2651.3959588191483
2026-01-07 04:15:00,2651.3068988884916,2651.757250178983,2651.223072170854,2651.6236734878694,120,0.20535837557526243,2651.520994300082,2651.726352675657
2026-01-07 04:20:00,2651.6236734878694,2652.013046436212,2651.554162867303,2651.9810274917936,120,0.36645450815230385,2651.7978002377176,2652.1642547458696
2026-01-07 04:25:00,2651.9810274917936,2652.3960122539397,2651.9308478833063,2652.30885345939,120,0.21670504024165008,2652.200500939269,2652.4172059795105
2026-01-07 04:30:00,2652.30885345939,2652.658875486196,2652.225524250094,2652.5671821087194,120,0.1991355721927792,2652.467614322623,2652.666749894816
2026-01-07 04:35:00,2652.5671821087194,2652.9165372549633,2652.4403757649393,2652.832260609193,120,0.1443011508004357,2652.7601100337924,2652.9044111845933
2026-01-07 04:40:00,2652.832260609193,2653.2206946000624,2652.7082873733707,2653.115665443076,120,0.1629099733164616,2653.034210456418,2653.1971204297342
2026-01-07 04:45:00,2653.115665443076,2653.486540579837,2653.015441734664,2653.3194731582053,120,0.21089206922868273,2653.2140271235908,2653.4249191928197
2026-01-07 04:50:00,2653.3194731582053,2653.464271863249,2653.197169963973,2653.3826533418523,120,0.12031526088522682,2653.32249571141,2653.442810972295
2026-01-07 04:55:00,2653.3826533418523,2653.498741470874,2653.16279321937,2653.328331873169,120,0.23824529127641442,2653.209209227531,2653.4474545188073
2026-01-07 05:00:00,2653.328331873169,2653.452633000789,2653.140868453069,2653.2122188352155,120,0.26610610145619773,2653.0791657844875,2653.3452718859435
2026-01-07 05:05:00,2653.2122188352155,2653.2882975716097,2652.9184372314858,2653.004646215082,120,0.2195474192959487,2652.8948725054343,2653.11441992473
2026-01-07 05:10:00,2653.004646215082,2653.162347211814,2652.599224500206,2652.681339397907,120,0.10222873245646344,2652.6302250316785,2652.7324537641352
2026-01-07 05:15:00,2652.681339397907,2652.785323507197,2652.1684620118453,2652.292221993377,120,0.26070916248936205,2652.1618674121323,2652.422576574622
2026-01-07 05:20:00,2652.292221993377,2652.399595296664,2651.731733000433,2651.873919375027,120,0.2752764582854464,2651.7362811458843,2652.01155760417
2026-01-07 05:25:00,2651.873919375027,2652.0002888627773,2651.3271811194422,2651.415352170282,120,0.13368938846311462,2651.3485074760506,2651.4821968645133
2026-01-07 05:30:00,2651.415352170282,2651.565492995785,2650.711203521372,2650.78614627096,120,0.3005526224534636,2650.6358699597336,2650.936422582187
2026-01-07 05:35:00,2650.78614627096,2650.9232257633334,2650.210706857254,2650.2768052455217,120,0.18401957301638178,2650.1847954590135,2650.36881503203
2026-01-07 05:40:00,2650.2768052455217,2650.3911620210647,2649.605186897318,2649.7362661660222,120,0.16542013081577792,2649.6535561006144,2649.81897623143
2026-01-07 05:45:00,2649.7362661660222,2649.8291228676208,2649.1876583345556,2649.2581320609756,120,0.14958067674582726,2649.1833417226026,2649.3329223993487
2026-01-07 05:50:00,2649.2581320609756,2649.3625287101495,2648.686268598009,2648.7733101649046,120,0.09990816284443768,2648.7233560834825,2648.8232642463267
2026-01-07 05:55:00,2648.7733101649046,2648.886895742858,2648.274131079427,2648.3636552631283,120,0.19833726172092775,2648.264486632268,2648.4628238939886
2026-01-07 06:00:00,2648.3636552631283,2648.424476049205,2647.950093922541,2648.072958536586,120,0.24055103519979146,2647.952683018986,2648.193234054186
2026-01-07 06:05:00,2648.072958536586,2648.183094002387,2647.850728055994,2647.9497435942185,120,0.24358037370201135,2647.8279534073677,2648.0715337810693
2026-01-07 06:10:00,2647.9497435942185,2648.247732328389,2647.8432678578333,2648.0986254891536,120,0.23628227800266488,2647.9804843501524,2648.216766628155
2026-01-07 06:15:00,2648.0986254891536,2648.3720080569983,2647.9776466993044,2648.284681446733,120,0.2075489994545067,2648.1809069470055,2648.3884559464605
2026-01-07 06:20:00,2648.284681446733,2648.562117042071,2648.1492825445966,2648.4830441556765,120,0.2120211144477149,2648.3770335984527,2648.5890547129
2026-01-07 06:25:00,2648.4830441556765,2648.8108379310393,2648.403449389897,2648.7361160102228,120,0.1903025507311496,2648.6409647348573,2648.831267285588
2026-01-07 06:30:00,2648.7361160102228,2649.257052765416,2648.5913034417094,2649.1887080937013,120,0.2578319672776096,2649.0597921100625,2649.31762407734
2026-01-07 06:35:00,2649.1887080937013,2649.716105990943,2649.0521367399074,2649.6562895758643,120,0.19974243681594683,2649.5564183574566,2649.756160794272
2026-01-07 06:40:00,2649.6562895758643,2650.368112321955,2649.56684271885,2650.259167580163,120,0.24737132708136506,2650.1354819166227,2650.3828532437037
2026-01-07 06:45:00,2650.259167580163,2650.9801235946275,2650.1351426101605,2650.8674944094173,120,0.271917552170039,2650.7315356333324,2651.003453185502
2026-01-07 06:50:00,2650.8674944094173,2651.5033739385385,2650.782360216523,2651.4802582405205,120,0.21819350404453672,2651.3711614884983,2651.5893549925427
2026-01-07 06:55:00,2651.4802582405205,2652.230616385512,2651.424835256447,2652.1372317983387,120,0.19539765917099933,2652.039532968753,2652.2349306279243
2026-01-07 07:00:00,2652.1372317983387,2652.834964987988,2652.1004427888965,2652.7418646416445,120,0.16419649372324224,2652.6597663947828,2652.8239628885062
2026-01-07 07:05:00,2652.7418646416445,2653.4496571505683,2652.6666608229802,2653.3297134349727,120,0.20435753615639118,2653.2275346668944,2653.431892203051
2026-01-07 07:10:00,2653.3297134349727,2653.9631424373906,2653.2169968950093,2653.865633461152,120,0.259260003586961,2653.7360034593585,2653.9952634629453
2026-01-07 07:15:00,2653.865633461152,2654.440752020875,2653.7641315687433,2654.3112173475547,120,0.2284255794735607,2654.1970045578178,2654.4254301372916
2026-01-07 07:20:00,2654.3112173475547,2654.788448748482,2654.206673665867,2654.694271499447,120,0.21036397910547092,2654.589089509894,2654.799453489
2026-01-07 07:25:00,2654.694271499447,2655.1095410552252,2654.574164379472,2654.9881717595176,120,0.13486626613906968,2654.920738626448,2655.0556048925873
2026-01-07 07:30:00,2654.9881717595176,2655.133200377447,2654.8762380312555,2655.102644637848,120,0.1861270659322461,2655.009581104882,2655.1957081708138
2026-01-07 07:35:00,2655.102644637848,2655.22009169527,2654.9751039824887,2655.167889521677,120,0.30834725998292,2655.0137158916855,2655.3220631516683
2026-01-07 07:40:00,2655.167889521677,2655.2322419374073,2655.0800857661498,2655.15024333603,120,0.17626212105175956,2655.062112275504,2655.238374396556
2026-01-07 07:45:00,2655.15024333603,2655.22468089277,2654.9464226085697,2655.0412031502797,120,0.1489276872322184,2654.9667393066634,2655.115666993896
2026-01-07 07:50:00,2655.0412031502797,2655.1389180091783,2654.7279136628504,2654.8140676706275,120,0.27942570930550714,2654.6743548159748,2654.9537805252803
2026-01-07 07:55:00,2654.8140676706275,2654.909137715387,2654.447583197012,2654.572533404162,120,0.3066555670413836,2654.4192056206416,2654.7258611876828
2026-01-07 08:00:00,2654.572533404162,2654.686420747354,2654.2110943873613,2654.328843897057,120,0.18686093136089907,2654.235413431377,2654.4222743627374
2026-01-07 08:05:00,2654.328843897057,2654.427253602969,2653.8923957278716,2654.059350431913,120,0.29909166412537513,2653.9098045998503,2654.208896263976
2026-01-07 08:10:00,2654.059350431913,2654.158662042329,2653.756397526192,2653.8425127036003,120,0.2069034703050357,2653.7390609684476,2653.945964438753
2026-01-07 08:15:00,2653.8425127036003,2653.973490369013,2653.523110969799,2653.559201123229,120,0.23103358137567404,2653.443684332541,2653.6747179139165
2026-01-07 08:20:00,2653.559201123229,2653.6173775073335,2653.1792435033026,2653.320168476951,120,0.12946318795791278,2653.255436882972,2653.38490007093
2026-01-07 08:25:00,2653.320168476951,2653.4457546272183,2653.040602426029,2653.129786187906,120,0.2169700518696998,2653.021301161971,2653.238271213841
2026-01-07 08:30:00,2653.129786187906,2653.2777332541614,2652.9207223627686,2653.018533083561,120,0.25733540618397294,2652.889865380469,2653.1472007866532
2026-01-07 08:35:00,2653.018533083561,2653.1282780170623,2652.913086233534,2652.9762473573396,120,0.2138780176297063,2652.8693083485246,2653.0831863661547
2026-01-07 08:40:00,2652.9762473573396,2653.103977232968,2652.8630499124597,2652.971876819067,120,0.22857648531255553,2652.8575885764108,2653.086165061723
2026-01-07 08:45:00,2652.971876819067,2653.2258007474998,2652.8266141011286,2653.1490867009206,120,0.183095909947929,2653.0575387459467,2653.2406346558946
2026-01-07 08:50:00,2653.1490867009206,2653.598097916027,2653.0447767050086,2653.4452586240614,120,0.259880325635003,2653.315318461244,2653.575198786879
2026-01-07 08:55:00,2653.4452586240614,2653.89197065202,2653.343223893704,2653.836156096267,120,0.16001695556876566,2653.756147618483,2653.9161645740514
2026-01-07 09:00:00,2653.836156096267,2654.3218686104988,2653.7008166736578,2654.2205853866335,120,0.23931678008205423,2654.1009269965925,2654.3402437766745
2026-01-07 09:05:00,2654.2205853866335,2654.8180547848883,2654.0921012139133,2654.7114707945366,120,0.14591344546831456,2654.6385140718025,2654.7844275172706
2026-01-07 09:10:00,2654.7114707945366,2655.443017720831,2654.6305762807456,2655.340572764686,120,0.28542585330129233,2655.197859838035,2655.4832856913367
2026-01-07 09:15:00,2655.340572764686,2656.0093106103013,2655.19200427937,2655.9311904339565,120,0.3427749581154751,2655.759802954899,2656.102577913014
2026-01-07 09:20:00,2655.9311904339565,2656.597269732641,2655.836026922742,2656.561527271719,120,0.12357120309879742,2656.49974167017,2656.6233128732683
2026-01-07 09:25:00,2656.561527271719,2657.3114507474147,2656.487793447604,2657.173982692686,120,0.2584152891965961,2657.0447750480876,2657.3031903372844
2026-01-07 09:30:00,2657.173982692686,2657.9252355704284,2657.1020366035577,2657.8155359719954,120,0.12808187079160294,2657.7514950365994,2657.8795769073913
2026-01-07 09:35:00,2657.8155359719954,2658.5537724416295,2657.733518165869,2658.41968541888,120,0.2367763576956778,2658.301297240032,2658.538073597728
2026-01-07 09:40:00,2658.41968541888,2659.168658778857,2658.320311222637,2659.025215222714,120,0.2021793045171261,2658.9241255704555,2659.1263048749724
2026-01-07 09:45:00,2659.025215222714,2659.559090112875,2658.910855755195,2659.489814850396,120,0.17083108881274697,2659.40439930599,2659.5752303948025
2026-01-07 09:50:00,2659.489814850396,2659.9218169345795,2659.4073791306496,2659.8727213509496,120,0.18228431328520422,2659.781579194307,2659.963863507592
2026-01-07 09:55:00,2659.8727213509496,2660.151874215931,2659.779970305671,2660.1010369473147,120,0.26952240006497263,2659.966275747282,2660.2357981473474
2026-01-07 10:00:00,2660.1010369473147,2660.3862482714553,2659.9394213627897,2660.268757367117,120,0.28919814798477844,2660.1241582931243,2660.4133564411095
2026-01-07 10:05:00,2660.268757367117,2660.439568207717,2660.2303094761455,2660.3314533406565,120,0.23430103652688772,2660.214302822393,2660.44860385892
2026-01-07 10:10:00,2660.3314533406565,2660.4688934086,2660.2270205278346,2660.3191850109633,120,0.3080435760495611,2660.1651632229386,2660.473206798988
2026-01-07 10:15:00,2660.3191850109633,2660.391694697228,2660.0764418897875,2660.185019176432,120,0.2718580154776692,2660.049090168693,2660.320948184171
2026-01-07 10:20:00,2660.185019176432,2660.337369951543,2659.981081760297,2660.080263313889,120,0.3407721332965351,2659.9098772472407,2660.2506493805377
2026-01-07 10:25:00,2660.080263313889,2660.1700766003282,2659.7809997350914,2659.8269630869727,120,0.21451931869158788,2659.719703427627,2659.9342227463185
2026-01-07 10:30:00,2659.8269630869727,2659.969800466902,2659.4952772472693,2659.585521030304,120,0.32194417965884176,2659.4245489404743,2659.7464931201334
2026-01-07 10:35:00,2659.585521030304,2659.6798260744026,2659.1010312360713,2659.2597690379125,120,0.08575735799961118,2659.2168903589127,2659.3026477169124
2026-01-07 10:40:00,2659.2597690379125,2659.4306022570604,2658.956888752473,2658.9945971944626,120,0.21718559104693969,2658.886004398939,2659.1031899899863
2026-01-07 10:45:00,2658.9945971944626,2659.058518279271,2658.687382225147,2658.797572647771,120,0.2073992801088363,2658.693873007717,2658.9012722878256
2026-01-07 10:50:00,2658.797572647771,2658.888756885065,2658.415956026268,2658.535876912063,120,0.2802206239653755,2658.39576660008,2658.675987224046
2026-01-07 10:55:00,2658.535876912063,2658.626067085593,2658.2348112854165,2658.3732872539817,120,0.11365637636736603,2658.316459065798,2658.4301154421655
2026-01-07 11:00:00,2658.3732872539817,2658.4407155479475,2658.202066815297,2658.2601415046374,120,0.2501628670179742,2658.1350600711285,2658.3852229381464
2026-01-07 11:05:00,2658.2601415046374,2658.388539261992,2658.152879991075,2658.239870368529,120,0.18074027715056903,2658.1495002299534,2658.3302405071045
2026-01-07 11:10:00,2658.239870368529,2658.3757160514665,2658.118766498495,2658.312643924753,120,0.29085105531496824,2658.1672183970954,2658.4580694524107
2026-01-07 11:15:00,2658.312643924753,2658.5184884391033,2658.218180171278,2658.4356642442276,120,0.19508451205011645,2658.3381219882026,2658.5332065002526
2026-01-07 11:20:00,2658.4356642442276,2658.7695995902477,2658.3213504204336,2658.6703443249635,120,0.08275921049228621,2658.6289647197173,2658.7117239302097
2026-01-07 11:25:00,2658.6703443249635,2659.0622988803816,2658.5451307577,2658.978981227598,120,0.16374767731315842,2658.8971073889415,2659.0608550662546
2026-01-07 11:30:00,2658.978981227598,2659.500875064611,2658.835052767623,2659.361502897079,120,0.1618079177291408,2659.2805989382146,2659.4424068559433
2026-01-07 11:35:00,2659.361502897079,2659.8761923942698,2659.220501818253,2659.800575191976,120,0.11871676304268561,2659.7412168104547,2659.859933573497
2026-01-07 11:40:00,2659.800575191976,2660.453928932865,2659.7507953709546,2660.3863244702816,120,0.2220710190719262,2660.2752889607455,2660.4973599798177
2026-01-07 11:45:00,2660.3863244702816,2661.0578001713316,2660.2709768762843,2660.9465545779553,120,0.2379031322679374,2660.8276030118213,2661.0655061440893
2026-01-07 11:50:00,2660.9465545779553,2661.64416613908,2660.809828743107,2661.587413728324,120,0.21661584197975708,2661.4791058073342,2661.695721649314
2026-01-07 11:55:00,2661.587413728324,2662.3170020412467,2661.4339447083744,2662.229108163923,120,0.22794411120263586,2662.1151361083216,2662.343080219524
2026-01-07 12:00:00,2662.229108163923,2662.9055231784487,2662.102989151408,2662.7944703043445,120,0.34531113006266484,2662.6218147393133,2662.9671258693756
2026-01-07 12:05:00,2662.7944703043445,2663.5083670821928,2662.673002549421,2663.4087072164034,120,0.07510442209833154,2663.371155005354,2663.446259427453
2026-01-07 12:10:00,2663.4087072164034,2663.9658030116325,2663.2447232577497,2663.8961801610712,120,0.3436892258012799,2663.7243355481705,2664.068024773972
2026-01-07 12:15:00,2663.8961801610712,2664.472802989252,2663.824065181188,2664.377610278488,120,0.13479924450426273,2664.310210656236,2664.4450099007404
2026-01-07 12:20:00,2664.377610278488,2664.8767322372037,2664.295712745089,2664.8142088958393,120,0.11221499304735494,2664.758101399316,2664.870316392363
2026-01-07 12:25:00,2664.8142088958393,2665.1732346446793,2664.7197356411434,2665.0768604796867,120,0.1426724705641234,2665.0055242444046,2665.148196714969
2026-01-07 12:30:00,2665.0768604796867,2665.297967964795,2665.0135744663835,2665.238718109805,120,0.1889658565502377,2665.14423518153,2665.3332010380805
2026-01-07 12:35:00,2665.238718109805,2665.39936069614,2665.1214188870363,2665.3065212320153,120,0.110617222219846,2665.2512126209053,2665.361829843125
2026-01-07 12:40:00,2665.3065212320153,2665.501974393815,2665.205893681464,2665.413187511456,120,0.23919445595893313,2665.2935902834765,2665.532784739435
2026-01-07 12:45:00,2665.413187511456,2665.5393242730624,2665.241882728335,2665.3289477633557,120,0.2963437743812013,2665.180775876165,2665.4771196505462
2026-01-07 12:50:00,2665.3289477633557,2665.4998449452182,2665.0218610952197,2665.1354665109707,120,0.3163510138744521,2664.9772910040333,2665.293642017908
2026-01-07 12:55:00,2665.1354665109707,2665.265867620028,2664.850842494987,2664.965022475465,120,0.20750891726925835,2664.8612680168303,2665.0687769341
2026-01-07 13:00:00,2664.965022475465,2665.073436012713,2664.5467372447556,2664.7108542405526,120,0.22584457571193783,2664.597931952697,2664.8237765284084
2026-01-07 13:05:00,2664.7108542405526,2664.787583528736,2664.3510573677545,2664.4364356987144,120,0.2697925941049027,2664.301539401662,2664.5713319957667
2026-01-07 13:10:00,2664.4364356987144,2664.517550319871,2663.987455603915,2664.116610386351,120,0.2672317354287339,2663.9829945186366,2664.2502262540656
2026-01-07 13:15:00,2664.116610386351,2664.2247784368387,2663.6078491694107,2663.7602580615303,120,0.14157332367316633,2663.6894713996935,2663.831044723367
2026-01-07 13:20:00,2663.7602580615303,2663.844368487958,2663.3994649470287,2663.495195336154,120,0.24642565372061928,2663.371982509294,2663.6184081630145
2026-01-07 13:25:00,2663.495195336154,2663.554489090698,2663.183260652202,2663.26655595781,120,0.3021743769377958,2663.115468769341,2663.417643146279
2026-01-07 13:30:00,2663.26655595781,2663.3550265240833,2662.950296034575,2663.079410390932,120,0.20648973150032598,2662.976165525182,2663.182655256682
2026-01-07 13:35:00,2663.079410390932,2663.156593538876,2662.8744849887908,2662.990705946807,120,0.30119526011921927,2662.8401083167473,2663.1413035768664
2026-01-07 13:40:00,2662.990705946807,2663.0925736603763,2662.931130794725,2662.9939287200777,120,0.17183753197220164,2662.9080099540915,2663.079847486064
2026-01-07 13:45:00,2662.9939287200777,2663.245213855036,2662.9022799990194,2663.1592633034074,120,0.1612781779257667,2663.0786242144445,2663.2399023923704
2026-01-07 13:50:00,2663.1592633034074,2663.535040978588,2663.092463624018,2663.4141865829233,120,0.279728760375503,2663.2743222027357,2663.554050963111
2026-01-07 13:55:00,2663.4141865829233,2663.8194998189665,2663.3448311273605,2663.752585829448,120,0.2884163614967469,2663.6083776486994,2663.8967940101966
2026-01-07 14:00:00,2663.752585829448,2664.2550694522324,2663.663702530683,2664.1336568507563,120,0.18177050505298958,2664.04277159823,2664.2245421032826
2026-01-07 14:05:00,2664.1336568507563,2664.6526711744873,2664.032882320763,2664.5603223253975,120,0.23407984089428385,2664.4432824049504,2664.6773622458445
2026-01-07 14:10:00,2664.5603223253975,2665.2422034341207,2664.486476077532,2665.1105527788322,120,0.2192321550256162,2665.0009367013195,2665.220168856345
2026-01-07 14:15:00,2665.1105527788322,2665.814023152571,2665.053295895343,2665.712646050278,120,0.2906815396683623,2665.567305280444,2665.8579868201123
2026-01-07 14:20:00,2665.712646050278,2666.514934462844,2665.613518699362,2666.3639014453834,120,0.11033175661619646,2666.3087355670755,2666.4190673236913
2026-01-07 14:25:00,2666.3639014453834,2667.05636049404,2666.2359476399156,2666.982311040543,120,0.09269212473794505,2666.935964978174,2667.0286571029123
2026-01-07 14:30:00,2666.982311040543,2667.6228770271214,2666.8992895131546,2667.58553753447,120,0.24616871221711387,2667.4624531783616,2667.7086218905783
2026-01-07 14:35:00,2667.58553753447,2668.3003984570664,2667.4557003714617,2668.176218862743,120,0.0712079564132358,2668.1406148845363,2668.21182284095
2026-01-07 14:40:00,2668.176218862743,2668.75009542324,2668.107745661655,2668.669701174156,120,0.15623011893531652,2668.5915861146887,2668.747816233624
2026-01-07 14:45:00,2668.669701174156,2669.226950722405,2668.5583926228132,2669.104718863094,120,0.17133575430129266,2669.0190509859435,2669.190386740245
2026-01-07 14:50:00,2669.104718863094,2669.6267379825376,2668.9997854506096,2669.521357529695,120,0.2951537268553245,2669.373780666267,2669.6689343931225
2026-01-07 14:55:00,2669.521357529695,2669.8578454451895,2669.403449350295,2669.7761257593856,120,0.17347369267138196,2669.68938891305,2669.862862605721
2026-01-07 15:00:00,2669.7761257593856,2670.098727413324,2669.6783622398684,2669.986425573327,120,0.23398396098559915,2669.869433592834,2670.10341755382
2026-01-07 15:05:00,2669.986425573327,2670.236661732446,2669.841131964402,2670.1376485548562,120,0.17672372956831056,2670.049286690072,2670.2260104196403
2026-01-07 15:10:00,2670.1376485548562,2670.24725304422,2670.0544666361698,2670.175646418206,120,0.24853294557179836,2670.0513799454197,2670.299912890992
2026-01-07 15:15:00,2670.175646418206,2670.2976528966683,2669.7069928508317,2669.8060977373793,120,0.1818001944118703,2669.7151976401733,2669.8969978345854
2026-01-07 15:20:00,2669.8060977373793,2669.894858477545,2669.2189864009615,2669.2994718777445,120,0.25241125368792244,2669.1732662509007,2669.4256775045883
2026-01-07 15:25:00,2669.2994718777445,2669.400399533131,2668.661498433653,2668.7698067851625,120,0.22676352607875402,2668.656425022123,2668.883188548202
2026-01-07 15:30:00,2668.7698067851625,2668.87355794805,2668.0519228635158,2668.1876212042507,120,0.19438399578087004,2668.09042920636,2668.2848132021413
2026-01-07 15:35:00,2668.1876212042507,2668.3016128701115,2667.496502509808,2667.611509651742,120,0.17974378691125847,2667.5216377582865,2667.7013815451974
2026-01-07 15:40:00,2667.611509651742,2667.7611769814657,2666.910303128219,2667.018216896887,120,0.15493059520181476,2666.940751599286,2667.0956821944883
2026-01-07 15:45:00,2667.018216896887,2667.1474918360414,2666.3014686205383,2666.418978105085,120,0.26326649076421377,2666.287344859703,2666.550611350467
2026-01-07 15:50:00,2666.418978105085,2666.513640967629,2665.833107970667,2665.923300820857,120,0.2303314218942818,2665.80813510991,2666.0384665318043
2026-01-07 15:55:00,2665.923300820857,2665.983850854095,2665.3144308334686,2665.4198450803256,120,0.22516019578823804,2665.3072649824317,2665.5324251782195
2026-01-07 16:00:00,2665.4198450803256,2665.54660187737,2664.851318974821,2664.945488775523,120,0.2562637042168189,2664.8173569234145,2665.073620627631
2026-01-07 16:05:00,2664.945488775523,2665.0040631889906,2664.455638447471,2664.5334852056326,120,0.2662799713511639,2664.400345219957,2664.666625191308
2026-01-07 16:10:00,2664.5334852056326,2664.6765405262818,2664.1034336346,2664.229808509129,120,0.1323978358043177,2664.1636095912268,2664.296007427031
2026-01-07 16:15:00,2664.229808509129,2664.2995309154426,2663.9141775785406,2663.996164015046,120,0.2927688512472002,2663.8497795894223,2664.1425484406695
2026-01-07 16:20:00,2663.996164015046,2664.0783322068874,2663.837567523757,2663.9444458297467,120,0.24718231573860985,2663.8208546718774,2664.068036987616
2026-01-07 16:25:00,2663.9444458297467,2664.0579263820623,2663.846097605929,2663.941834541636,120,0.23930783150802654,2663.822180625882,2664.06148845739
2026-01-07 16:30:00,2663.941834541636,2664.1149888689874,2663.8369317304723,2663.9900892062287,120,0.21736727719192692,2663.8814055676326,2664.098772844825
2026-01-07 16:35:00,2663.9900892062287,2664.2242578858295,2663.8454806590476,2664.101032117585,120,0.3653006813408599,2663.9183817769144,2664.2836824582555
2026-01-07 16:40:00,2664.101032117585,2664.32588250629,2663.9926172774826,2664.2589298385824,120,0.2269149091616836,2664.1454723840016,2664.3723872931632
2026-01-07 16:45:00,2664.2589298385824,2664.564951473479,2664.166967877477,2664.496814729825,120,0.18066461675968162,2664.406482421445,2664.587147038205
2026-01-07 16:50:00,2664.496814729825,2664.9000634545464,2664.4145396086155,2664.8286141241583,120,0.2572589579433845,2664.6999846451868,2664.95724360313
2026-01-07 16:55:00,2664.8286141241583,2665.222900900557,2664.7441097634273,2665.153076919085,120,0.21194398517564825,2665.047104926497,2665.259048911673
2026-01-07 17:00:00,2665.153076919085,2665.5044079358872,2665.089389257551,2665.433742124421,120,0.12581169523221242,2665.3708362768048,2665.496647972037
2026-01-07 17:05:00,2665.433742124421,2665.7726062493657,2665.293197332102,2665.6951449593653,120,0.11914110096492,2665.635574408883,2665.7547155098478
2026-01-07 17:10:00,2665.6951449593653,2665.955390886467,2665.622945927302,2665.831340649492,120,0.16297842738475196,2665.7498514358,2665.9128298631845
2026-01-07 17:15:00,2665.831340649492,2666.1332903072152,2665.715980784697,2666.0115080303017,120,0.25570775271581886,2665.8836541539436,2666.13936190666
2026-01-07 17:20:00,2666.0115080303017,2666.1769096235976,2665.8872066638087,2666.0780754672874,120,0.18119133800735765,2665.987479798284,2666.168671136291
2026-01-07 17:25:00,2666.0780754672874,2666.233185683872,2665.9507214289906,2666.123979608764,120,0.21544365877478286,2666.0162577793767,2666.231701438151
2026-01-07 17:30:00,2666.123979608764,2666.197862667539,2665.868728336124,2666.016748396814,120,0.2050621793971467,2665.9142173071155,2666.1192794865124
2026-01-07 17:35:00,2666.016748396814,2666.087141235258,2665.6861830357234,2665.8037812249995,120,0.29295606139547026,2665.6573031943017,2665.9502592556973
2026-01-07 17:40:00,2665.8037812249995,2665.91969736589,2665.462596223428,2665.526786184343,120,0.22224152068365957,2665.4156654240014,2665.637906944685
2026-01-07 17:45:00,2665.526786184343,2665.6352964714997,2665.0111920542395,2665.1292074532594,120,0.13520530717815887,2665.0616047996705,2665.1968101068483
2026-01-07 17:50:00,2665.1292074532594,2665.19133598441,2664.628409841932,2664.733548459751,120,0.21965076394607935,2664.623723077778,2664.8433738417243
2026-01-07 17:55:00,2664.733548459751,2664.8463871207828,2664.097319763421,2664.2309575355494,120,0.13883506863757972,2664.1615400012306,2664.300375069868
2026-01-07 18:00:00,2664.2309575355494,2664.296983563698,2663.600193042517,2663.682291691192,120,0.3077411404072584,2663.5284211209882,2663.8361622613957
2026-01-07 18:05:00,2663.682291691192,2663.775511040444,2662.972645425008,2663.100493092818,120,0.07847918628922576,2663.0612534996735,2663.1397326859624
2026-01-07 18:10:00,2663.100493092818,2663.2062639703577,2662.351840230074,2662.4782930173387,120,0.3020821509833029,2662.327251941847,2662.6293340928305
2026-01-07 18:15:00,2662.4782930173387,2662.5569418695604,2661.7368565421602,2661.895984630072,120,0.17159744446366115,2661.81018590784,2661.9817833523034
2026-01-07 18:20:00,2661.895984630072,2662.0391808025997,2661.1764385716583,2661.3270942824015,120,0.21626653414951336,2661.218961015327,2661.435227549476
2026-01-07 18:25:00,2661.3270942824015,2661.3879755630423,2660.699523095683,2660.8652298419884,120,0.24380341246051998,2660.743328135758,2660.9871315482187
2026-01-07 18:30:00,2660.8652298419884,2660.9304102244278,2660.280211866681,2660.3955026656345,120,0.15880119050589872,2660.3161020703815,2660.4749032608875
2026-01-07 18:35:00,2660.3955026656345,2660.501104689778,2659.9438809161243,2660.0118361632844,120,0.08607281937926148,2659.968799753595,2660.054872572974
2026-01-07 18:40:00,2660.0118361632844,2660.1321437755796,2659.599492754866,2659.678898487678,120,0.21206332152436014,2659.5728668269157,2659.7849301484403
2026-01-07 18:45:00,2659.678898487678,2659.782012689239,2659.3454965276937,2659.4401026482105,120,0.17774555965136102,2659.351229868385,2659.528975428036
2026-01-07 18:50:00,2659.4401026482105,2659.5506114196696,2659.1798976944974,2659.297622036824,120,0.2330845272377246,2659.181079773205,2659.414164300443
2026-01-07 18:55:00,2659.297622036824,2659.401249712723,2659.196401979393,2659.3116338622663,120,0.30998489395954026,2659.1566414152867,2659.466626309246
2026-01-07 19:00:00,2659.3116338622663,2659.5007860288433,2659.2181643560016,2659.36453770705,120,0.25837334354530456,2659.2353510352777,2659.4937243788227
2026-01-07 19:05:00,2659.36453770705,2659.6503020455984,2659.24547088024,2659.5314536097226,120,0.22683411045390428,2659.4180365544958,2659.6448706649494
2026-01-07 19:10:00,2659.5314536097226,2659.831889253765,2659.438723284898,2659.715042938125,120,0.26677011633066106,2659.5816578799595,2659.8484279962904
2026-01-07 19:15:00,2659.715042938125,2660.0639327322056,2659.59207516461,2659.9453381897324,120,0.26513171540489106,2659.81277233203,2660.077904047435
2026-01-07 19:20:00,2659.9453381897324,2660.2660764879497,2659.8654746001353,2660.1465855797783,120,0.15620183076452576,2660.0684846643962,2660.2246864951603
2026-01-07 19:25:00,2660.1465855797783,2660.5796136015692,2660.055400471767,2660.4726072643653,120,0.2689975064985063,2660.338108511116,2660.6071060176146
2026-01-07 19:30:00,2660.4726072643653,2660.926656143757,2660.383796864236,2660.8430649667494,120,0.1452052699625374,2660.770462331768,2660.9156676017305
2026-01-07 19:35:00,2660.8430649667494,2661.1966943426714,2660.752623536847,2661.0978979731217,120,0.2922311016798109,2660.9517824222817,2661.2440135239617
2026-01-07 19:40:00,2661.0978979731217,2661.481008118204,2660.9543279624363,2661.3770046195987,120,0.1796224103931513,2661.2871934144023,2661.466815824795
2026-01-07 19:45:00,2661.3770046195987,2661.629313856617,2661.242867358503,2661.5741178136304,120,0.2544141495802311,2661.4469107388404,2661.7013248884205
2026-01-07 19:50:00,2661.5741178136304,2661.7863511657342,2661.491316005256,2661.637415324195,120,0.12290932240077693,2661.5759606629945,2661.6988699853955
2026-01-07 19:55:00,2661.637415324195,2661.8250781297465,2661.525276880581,2661.675538306845,120,0.19314632606180202,2661.578965143814,2661.7721114698757
2026-01-07 20:00:00,2661.675538306845,2661.843080434508,2661.4510650021493,2661.5570332946954,120,0.1808798531501525,2661.4665933681204,2661.6474732212705
2026-01-07 20:05:00,2661.5570332946954,2661.6732877803515,2661.279601604753,2661.369032346513,120,0.18117551714696165,2661.2784445879397,2661.4596201050863
2026-01-07 20:10:00,2661.369032346513,2661.486160192493,2661.04295008816,2661.149311124734,120,0.21918507245887026,2661.039718588505,2661.2589036609634
2026-01-07 20:15:00,2661.149311124734,2661.251292791094,2660.7343699396356,2660.7995109309823,120,0.2723546783608097,2660.663333591802,2660.9356882701627
2026-01-07 20:20:00,2660.7995109309823,2660.960976055919,2660.2039063188345,2660.317440067837,120,0.30580540466205075,2660.164537365506,2660.4703427701684
2026-01-07 20:25:00,2660.317440067837,2660.481178047675,2659.7731728341296,2659.8718182998073,120,0.19005880896265478,2659.776788895326,2659.9668477042887
2026-01-07 20:30:00,2659.8718182998073,2659.9484944440965,2659.1827382738807,2659.273739798145,120,0.2761090054496412,2659.13568529542,2659.41179430087
2026-01-07 20:35:00,2659.273739798145,2659.374386869257,2658.5384813135506,2658.678382137722,120,0.1919992046760099,2658.582382535384,2658.77438174006
2026-01-07 20:40:00,2658.678382137722,2658.8320242160103,2657.9640909923664,2658.059595342147,120,0.22471089034169567,2657.947239896976,2658.171950787318
2026-01-07 20:45:00,2658.059595342147,2658.166466484207,2657.353534351663,2657.451549742069,120,0.22276771484365404,2657.340165884647,2657.562933599491
2026-01-07 20:50:00,2657.451549742069,2657.5736618443107,2656.7372386202014,2656.838554983763,120,0.2554200628079078,2656.710844952359,2656.966265015167
2026-01-07 20:55:00,2656.838554983763,2656.919738473585,2656.1539885178186,2656.2351402382083,120,0.14580176442199833,2656.1622393559974,2656.308041120419
2026-01-07 21:00:00,2656.2351402382083,2656.3606665378265,2655.749163733603,2655.828718230796,120,0.25409038293922287,2655.701673039326,2655.9557634222656
2026-01-07 21:05:00,2655.828718230796,2655.9358254067447,2655.6340848146933,2655.741757065164,120,0.2145691988593532,2655.6344724657347,2655.8490416645936
2026-01-07 21:10:00,2655.741757065164,2655.8625997277964,2655.6211339223087,2655.7396752302543,120,0.325035932807185,2655.5771572638505,2655.902193196658
2026-01-07 21:15:00,2655.7396752302543,2655.862896708506,2655.646300397715,2655.7652382560645,120,0.15764217331303843,2655.686417169408,2655.8440593427213
2026-01-07 21:20:00,2655.7652382560645,2656.1535682102676,2655.6815824979763,2655.985174426266,120,0.2766165529585366,2655.846866149787,2656.123482702745
2026-01-07 21:25:00,2655.985174426266,2656.4727224076496,2655.9166109418456,2656.345863123318,120,0.19092375997389044,2656.250401243331,2656.441325003305
2026-01-07 21:30:00,2656.345863123318,2656.9249198957714,2656.2420010076166,2656.799196387169,120,0.1525420037991143,2656.7229253852697,2656.8754673890685
2026-01-07 21:35:00,2656.799196387169,2657.4945825421287,2656.650903289193,2657.3869776126735,120,0.2477633346329457,2657.2630959453572,2657.5108592799897
2026-01-07 21:40:00,2657.3869776126735,2658.111998105742,2657.2457223776214,2657.9922317273285,120,0.35428975019536224,2657.8150868522307,2658.1693766024264
2026-01-07 21:45:00,2657.9922317273285,2658.7117141925555,2657.9068987160067,2658.607226689558,120,0.22252588453327807,2658.4959637472916,2658.7184896318245
2026-01-07 21:50:00,2658.607226689558,2659.332378230298,2658.5443048032726,2659.2432128302703,120,0.21686370872960237,2659.1347809759054,2659.351644684635
2026-01-07 21:55:00,2659.2432128302703,2660.0276465281368,2659.103709554153,2659.953111353758,120,0.21836774185213384,2659.8439274828315,2660.062295224684
2026-01-07 22:00:00,2659.953111353758,2660.6279446043295,2659.881458925738,2660.602486540978,120,0.24538273960349863,2660.479795171176,2660.72517791078
2026-01-07 22:05:00,2660.602486540978,2661.324380940286,2660.525481149718,2661.2400928762536,120,0.18870741173974462,2661.145739170384,2661.3344465821233
2026-01-07 22:10:00,2661.2400928762536,2661.8676265095673,2661.122026746876,2661.7919638163007,120,0.19229511329605387,2661.6958162596525,2661.888111372949
2026-01-07 22:15:00,2661.7919638163007,2662.4026320523935,2661.667514062493,2662.3299248747803,120,0.1490500581203305,2662.25539984572,2662.4044499038405
2026-01-07 22:20:00,2662.3299248747803,2662.978190364575,2662.2603834460697,2662.8723010600656,120,0.19282775443292807,2662.775887182849,2662.968714937282
2026-01-07 22:25:00,2662.8723010600656,2663.3354184847544,2662.8070484880877,2663.2512258732677,120,0.1824492155421205,2663.1600012654967,2663.3424504810387
2026-01-07 22:30:00,2663.2512258732677,2663.701827064763,2663.1857887948827,2663.5595501949274,120,0.33539962409413837,2663.3918503828804,2663.7272500069744
2026-01-07 22:35:00,2663.5595501949274,2663.785690047529,2663.4144070619295,2663.6626494554102,120,0.18795265410125764,2663.5686731283595,2663.756625782461
2026-01-07 22:40:00,2663.6626494554102,2663.953473393055,2663.5579177022846,2663.8226723896973,120,0.3389732340334414,2663.6531857726804,2663.9921590067142
2026-01-07 22:45:00,2663.8226723896973,2663.940967387374,2663.686814007973,2663.8550541507175,120,0.18231337874389952,2663.7638974613456,2663.9462108400894
2026-01-07 22:50:00,2663.8550541507175,2663.995767728253,2663.7602539058903,2663.8481602514616,120,0.15109238232208924,2663.7726140603004,2663.923706442623
2026-01-07 22:55:00,2663.8481602514616,2663.9060375770973,2663.643960427528,2663.725346142912,120,0.30918020655682277,2663.5707560396336,2663.87993624619
2026-01-07 23:00:00,2663.725346142912,2663.7846314635926,2663.4285077260165,2663.5041319730917,120,0.2100302818799156,2663.399116832152,2663.6091471140317
2026-01-07 23:05:00,2663.5041319730917,2663.603414009308,2663.1194744928143,2663.224749653328,120,0.3125708936759341,2663.0684642064903,2663.381035100166
2026-01-07 23:10:00,2663.224749653328,2663.3167891528437,2662.945529004967,2663.000564271615,120,0.2612144449573012,2662.8699570491362,2663.131171494094
2026-01-07 23:15:00,2663.000564271615,2663.0865137661585,2662.6636006935273,2662.755296197517,120,0.22505824409430814,2662.6427670754697,2662.8678253195644
2026-01-07 23:20:00,2662.755296197517,2662.9015890309324,2662.3558246001994,2662.4915268066616,120,0.2205673328166664,2662.3812431402534,2662.6018104730697
2026-01-07 23:25:00,2662.4915268066616,2662.5799640992523,2662.189435826871,2662.3019418052263,120,0.17249358805879295,2662.215695011197,2662.3881885992555
2026-01-07 23:30:00,2662.3019418052263,2662.34800660013,2662.0652042038028,2662.14432872412,120,0.2766596189205046,2662.00599891466,2662.28265853358
2026-01-07 23:35:00,2662.14432872412,2662.2230775281087,2662.0260528295753,2662.1099546126184,120,0.3054958239064557,2661.957206700665,2662.2627025245715
2026-01-07 23:40:00,2662.1099546126184,2662.254266520761,2661.9659935391705,2662.111131119053,120,0.1727262696412873,2662.0247679842323,2662.1974942538736
2026-01-07 23:45:00,2662.111131119053,2662.28303820057,2661.9709155471796,2662.16844375733,120,0.28100541394441775,2662.0279410503576,2662.308946464302
2026-01-07 23:50:00,2662.16844375733,2662.4523051044343,2662.0750654828353,2662.3639332280177,120,0.17466170523699104,2662.2766023753993,2662.451264080636
2026-01-07 23:55:00,2662.3639332280177,2662.7171377680065,2662.253090071889,2662.6333894966156,120,0.2416063523823662,2662.5125863204244,2662.7541926728068
2026-01-08 00:00:00,2662.6333894966156,2663.146771097544,2662.513973487029,2663.0731432629386,120,0.2313287169176279,2662.95747890448,2663.1888076213972
2026-01-08 00:05:00,2663.0731432629386,2663.6549648428654,2662.9893892227856,2663.516537165387,120,0.2330006187242436,2663.400036856025,2663.633037474749
2026-01-08 00:10:00,2663.516537165387,2664.02844221941,2663.3935441996587,2663.995706598509,120,0.2545419296137368,2663.868435633702,2664.122977563316
2026-01-08 00:15:00,2663.995706598509,2664.7064365254023,2663.894500521875,2664.580776294897,120,0.22204585543918112,2664.4697533671774,2664.6917992226167
2026-01-08 00:20:00,2664.580776294897,2665.295039189003,2664.443329638263,2665.196677441172,120,0.16304054156177672,2665.1151571703913,2665.278197711953
2026-01-08 00:25:00,2665.196677441172,2665.9515784901664,2665.0780963449047,2665.853899884722,120,0.19967715236349004,2665.7540613085403,2665.953738460904
2026-01-08 00:30:00,2665.853899884722,2666.5831236418594,2665.7621186417177,2666.510055034112,120,0.24011717319523515,2666.3899964475145,2666.63011362071
2026-01-08 00:35:00,2666.510055034112,2667.245920741529,2666.4249193379123,2667.09809994649,120,0.09245852786490757,2667.0518706825574,2667.1443292104227
2026-01-08 00:40:00,2667.09809994649,2667.8194491493227,2666.9974115297186,2667.688373992647,120,0.2572194418353391,2667.5597642717294,2667.8169837135647
2026-01-08 00:45:00,2667.688373992647,2668.3201707123576,2667.5888525115,2668.2227026002497,120,0.1060557117307107,2668.1696747443843,2668.275730456115
2026-01-08 00:50:00,2668.2227026002497,2668.7618021525773,2668.1554111405376,2668.644759075503,120,0.2587658540723292,2668.5153761484667,2668.774142002539
2026-01-08 00:55:00,2668.644759075503,2669.0544929249245,2668.51005318145,2669.01158699471,120,0.2083410604659872,2668.9074164644767,2669.115757524943
2026-01-08 01:00:00,2669.01158699471,2669.351157196034,2668.909026821071,2669.3207319434387,120,0.22368999612990756,2669.2088869453737,2669.4325769415036
2026-01-08 01:05:00,2669.3207319434387,2669.567227123131,2669.2548454831203,2669.465211592291,120,0.350595674286728,2669.2899137551476,2669.640509429434
2026-01-08 01:10:00,2669.465211592291,2669.6203440938107,2669.33673976832,2669.53654203179,120,0.06895794099955613,2669.50206306129,2669.57102100229
2026-01-08 01:15:00,2669.53654203179,2669.6596117156632,2669.4232968653764,2669.54264782212,120,0.2158873411422239,2669.434704151549,2669.6505914926915
2026-01-08 01:20:00,2669.54264782212,2669.6780820451177,2669.4006058306813,2669.4813339871794,120,0.24401396785806234,2669.35932700325,2669.6033409711085
2026-01-08 01:25:00,2669.4813339871794,2669.577989952837,2669.2660326825867,2669.3727781414473,120,0.1591078393515546,2669.2932242217717,2669.452332061123
2026-01-08 01:30:00,2669.3727781414473,2669.490620395668,2669.017298592146,2669.13232928806,120,0.23520380263037566,2669.014727386745,2669.2499311893753
2026-01-08 01:35:00,2669.13232928806,2669.240364095574,2668.830178682727,2668.9174329961506,120,0.18185879489566295,2668.826503598703,2669.0083623935984
2026-01-08 01:40:00,2668.9174329961506,2669.0097949526025,2668.5831670232837,2668.6932884175803,120,0.14621928967011832,2668.6201787727455,2668.766398062415
2026-01-08 01:45:00,2668.6932884175803,2668.7894255177766,2668.357667063122,2668.503023022819,120,0.26166295428833025,2668.372191545675,2668.633854499963
2026-01-08 01:50:00,2668.503023022819,2668.574569481773,2668.114567284857,2668.2507532507952,120,0.1193534636657235,2668.1910765189623,2668.310429982628
2026-01-08 01:55:00,2668.2507532507952,2668.344357912785,2667.8811626266256,2668.013858297976,120,0.2592127170952229,2667.8842519394284,2668.143464656524
2026-01-08 02:00:00,2668.013858297976,2668.124142293897,2667.735410794023,2667.8046587711415,120,0.12258698504916782,2667.7433652786167,2667.8659522636663
2026-01-08 02:05:00,2667.8046587711415,2667.920119479145,2667.6381369704727,2667.746130251834,120,0.3191471744660151,2667.586556664601,2667.905703839067
2026-01-08 02:10:00,2667.746130251834,2667.8787418710895,2667.679166615308,2667.796353103287,120,0.18607698509510243,2667.703314610739,2667.8893915958347
2026-01-08 02:15:00,2667.796353103287,2667.900424399683,2667.708229070952,2667.855507104844,120,0.21385741701655658,2667.7485783963357,2667.9624358133524
2026-01-08 02:20:00,2667.855507104844,2668.1459635678643,2667.7037139239374,2668.052653775873,120,0.3276525405223109,2667.8888275056115,2668.216480046134
2026-01-08 02:25:00,2668.052653775873,2668.4487136842495,2667.970588839004,2668.3600907075274,120,0.29268774318773466,2668.2137468359338,2668.506434579121
2026-01-08 02:30:00,2668.3600907075274,2668.8920152468922,2668.298111734246,2668.761664058856,120,0.1738890956328604,2668.6747195110393,2668.8486086066723
2026-01-08 02:35:00,2668.761664058856,2669.2678572457944,2668.7012031164427,2669.192333107769,120,0.1835348474880345,2669.1005656840252,2669.284100531513
2026-01-08 02:40:00,2669.192333107769,2669.79861256797,2669.0712336119695,2669.737249957904,120,0.24618382120809978,2669.6141580473,2669.8603418685084
2026-01-08 02:45:00,2669.737249957904,2670.361074511177,2669.657587502019,2670.3131847323666,120,0.18239666639007904,2670.221986399172,2670.4043830655614
2026-01-08 02:50:00,2670.3131847323666,2671.0359948672353,2670.233380666596,2670.8955428801314,120,0.26995528765011617,2670.7605652363063,2671.0305205239565
2026-01-08 02:55:00,2670.8955428801314,2671.697394211467,2670.8225651265993,2671.550169698109,120,0.2502187287805872,2671.4250603337186,2671.6752790624996
2026-01-08 03:00:00,2671.550169698109,2672.315856320133,2671.424176736888,2672.2134550628907,120,0.13764262098601962,2672.1446337523976,2672.282276373384
2026-01-08 03:05:00,2672.2134550628907,2672.8977568275527,2672.1632528712285,2672.8091097732063,120,0.26261414293195157,2672.6778027017403,2672.940416844672
2026-01-08 03:10:00,2672.8091097732063,2673.4683979809147,2672.707283061492,2673.427372003595,120,0.12554571057065128,2673.3645991483095,2673.4901448588803
2026-01-08 03:15:00,2673.427372003595,2674.1341686390074,2673.3522143284104,2674.056673613771,120,0.2237078290727386,2673.944819699235,2674.1685275283075
2026-01-08 03:20:00,2674.056673613771,2674.5964215868494,2673.9224408181467,2674.4803284442187,120,0.30204063170264905,2674.3293081283673,2674.63134876007
2026-01-08 03:25:00,2674.4803284442187,2675.0145755960025,2674.4131745351924,2674.913542841,120,0.29399100744071915,2674.7665473372795,2675.0605383447205
2026-01-08 03:30:00,2674.913542841,2675.3310436563634,2674.8131730540217,2675.2679851215,120,0.179006789003954,2675.1784817269977,2675.357488516002
2026-01-08 03:35:00,2675.2679851215,2675.577419895569,2675.1619282177107,2675.4956268681804,120,0.15260439386393956,2675.4193246712484,2675.5719290651123
2026-01-08 03:40:00,2675.4956268681804,2675.738267193801,2675.398054651182,2675.640820684993,120,0.28393553353839296,2675.4988529182237,2675.782788451762
